DATE,REGION,FATAL,SERIOUS,NOINJURY,OTHER,Minimum.temperature.Degree.C,Maximum.temperature.Degree.C,Rainfall.amount.millimetres
1/01/2016,EASTERN REGION,0,1,0,5,15.9,34.7,0
2/01/2016,EASTERN REGION,0,3,0,1,17,21.5,0
3/01/2016,EASTERN REGION,0,1,0,5,15,19,2
4/01/2016,EASTERN REGION,0,2,0,2,14.7,17.4,0.4
5/01/2016,EASTERN REGION,0,1,0,6,14.6,24.2,4.2
6/01/2016,EASTERN REGION,0,2,0,1,16.1,24.7,3.6
7/01/2016,EASTERN REGION,0,0,0,2,12.8,26.6,0
8/01/2016,EASTERN REGION,0,1,0,1,14.2,25.6,0
9/01/2016,EASTERN REGION,0,1,0,5,11.9,27.8,0
10/01/2016,EASTERN REGION,1,1,0,2,10.4,33.4,0
11/01/2016,EASTERN REGION,0,0,0,4,14.4,37.9,0
12/01/2016,EASTERN REGION,0,1,0,0,15.2,31.4,0
13/01/2016,EASTERN REGION,0,0,0,0,15,37.5,0
14/01/2016,EASTERN REGION,0,4,0,4,16.1,18.8,0.4
15/01/2016,EASTERN REGION,0,0,0,2,8.6,22.4,6.6
16/01/2016,EASTERN REGION,0,2,0,1,5.9,25.9,0
17/01/2016,EASTERN REGION,0,2,0,3,11.4,30.3,0
18/01/2016,EASTERN REGION,0,0,0,3,12.6,36.4,0
19/01/2016,EASTERN REGION,0,0,0,4,15.5,36.9,0
20/01/2016,EASTERN REGION,0,1,0,5,16.6,25.8,2.4
21/01/2016,EASTERN REGION,0,1,0,0,16,28.7,5
22/01/2016,EASTERN REGION,0,0,0,5,16.7,21,0.2
23/01/2016,EASTERN REGION,0,1,0,2,16.2,25.2,9.2
24/01/2016,EASTERN REGION,0,1,0,3,15.3,24.3,0.4
25/01/2016,EASTERN REGION,0,0,0,4,12.6,26.1,0
26/01/2016,EASTERN REGION,0,1,0,1,16.8,24.9,0.4
27/01/2016,EASTERN REGION,0,2,0,2,17.8,30.3,3.6
28/01/2016,EASTERN REGION,1,1,0,2,15,30.7,0.2
29/01/2016,EASTERN REGION,0,1,0,2,15.7,16.9,49.6
30/01/2016,EASTERN REGION,0,1,0,3,11.6,24.3,12.6
31/01/2016,EASTERN REGION,0,1,0,1,14,25.2,19.6
1/02/2016,EASTERN REGION,0,0,0,3,11.7,26.2,0.2
2/02/2016,EASTERN REGION,0,1,0,1,12.9,29.4,0
3/02/2016,EASTERN REGION,0,0,0,2,18.5,21.4,0.2
4/02/2016,EASTERN REGION,1,0,0,1,13.5,26.4,1
5/02/2016,EASTERN REGION,0,3,0,3,13.3,24.6,0
6/02/2016,EASTERN REGION,0,0,0,1,14.5,28,0
7/02/2016,EASTERN REGION,0,8,0,1,11.6,33.9,0
8/02/2016,EASTERN REGION,1,0,0,5,18,27.3,0
9/02/2016,EASTERN REGION,0,1,0,0,12,29.1,0
10/02/2016,EASTERN REGION,0,1,0,4,13.4,28.2,0
11/02/2016,EASTERN REGION,0,1,0,2,10.8,27.6,0.2
12/02/2016,EASTERN REGION,0,2,0,1,11.2,29.2,0
13/02/2016,EASTERN REGION,0,1,0,1,14.2,36.2,0
14/02/2016,EASTERN REGION,0,0,0,3,15.9,25.3,0
15/02/2016,EASTERN REGION,0,0,0,1,10,25.5,0
16/02/2016,EASTERN REGION,0,1,0,1,12.7,21.1,1.8
17/02/2016,EASTERN REGION,0,3,0,3,11.6,21.5,0.4
18/02/2016,EASTERN REGION,0,2,0,2,13.3,22.8,2.6
19/02/2016,EASTERN REGION,0,0,0,2,11.8,26.3,0.2
20/02/2016,EASTERN REGION,1,2,0,2,13.7,22.5,0.2
21/02/2016,EASTERN REGION,0,1,0,2,9.5,27.3,0
22/02/2016,EASTERN REGION,1,0,0,4,10.9,28.8,0
23/02/2016,EASTERN REGION,1,0,0,3,16.2,40.6,0.2
24/02/2016,EASTERN REGION,0,2,0,5,20,33.4,0
25/02/2016,EASTERN REGION,0,1,0,0,17.6,28.8,0
26/02/2016,EASTERN REGION,1,1,0,0,15.1,24.4,0
27/02/2016,EASTERN REGION,0,3,0,3,10.8,26.9,0
28/02/2016,EASTERN REGION,0,1,0,2,15.6,25.6,0
29/02/2016,EASTERN REGION,0,0,0,2,13.9,27,0
1/03/2016,EASTERN REGION,1,1,0,0,15.9,34.1,0
2/03/2016,EASTERN REGION,0,1,0,3,13.4,36.4,0
3/03/2016,EASTERN REGION,1,0,0,1,16.7,29.5,0
4/03/2016,EASTERN REGION,0,1,0,2,14.4,33.9,0
5/03/2016,EASTERN REGION,0,0,0,3,17.6,23.4,0.6
6/03/2016,EASTERN REGION,0,1,0,4,18.1,34.4,0
7/03/2016,EASTERN REGION,0,0,0,1,17.8,27.6,0
8/03/2016,EASTERN REGION,0,1,0,1,19.9,32.7,1.4
9/03/2016,EASTERN REGION,0,1,0,1,15.7,30.2,0
10/03/2016,EASTERN REGION,0,1,0,5,17.9,22.6,1.4
11/03/2016,EASTERN REGION,0,4,0,3,18.9,31,10
12/03/2016,EASTERN REGION,0,0,0,4,18.1,27.5,0
13/03/2016,EASTERN REGION,0,2,0,4,18.3,27.2,0
14/03/2016,EASTERN REGION,1,2,0,5,17.7,23.2,0.2
15/03/2016,EASTERN REGION,0,0,0,0,15.8,21,1.4
16/03/2016,EASTERN REGION,0,0,0,0,16.9,26.2,0
17/03/2016,EASTERN REGION,0,0,0,0,13,31.9,0
18/03/2016,EASTERN REGION,0,0,0,5,15.1,16.2,27.2
19/03/2016,EASTERN REGION,0,0,0,0,11,18.7,4.8
20/03/2016,EASTERN REGION,0,2,0,3,4.6,20.3,0
21/03/2016,EASTERN REGION,0,2,0,2,7.3,21.6,0.2
22/03/2016,EASTERN REGION,0,0,0,5,12.2,23.3,0
23/03/2016,EASTERN REGION,0,1,0,1,7.6,28.8,0
24/03/2016,EASTERN REGION,0,0,0,1,12.2,22.4,0.2
25/03/2016,EASTERN REGION,0,5,0,2,14.3,23,0
26/03/2016,EASTERN REGION,0,3,0,7,11.6,21.3,0
27/03/2016,EASTERN REGION,0,0,0,2,13,19.2,0
28/03/2016,EASTERN REGION,0,1,0,0,11.9,17.4,0
29/03/2016,EASTERN REGION,0,0,0,2,12.9,17.3,0
30/03/2016,EASTERN REGION,1,1,0,2,12.4,17.8,0.4
31/03/2016,EASTERN REGION,0,1,0,0,6.8,24.3,1
1/04/2016,EASTERN REGION,0,1,0,0,7.6,26.2,0
2/04/2016,EASTERN REGION,0,0,0,2,11.2,20.2,0
3/04/2016,EASTERN REGION,0,2,0,3,5.2,20.5,0
4/04/2016,EASTERN REGION,0,1,0,0,4.3,21.7,0.2
5/04/2016,EASTERN REGION,0,2,0,1,6.8,29.7,0
6/04/2016,EASTERN REGION,0,0,0,3,13.4,14.8,1.6
7/04/2016,EASTERN REGION,0,1,0,3,8,17.7,15.6
8/04/2016,EASTERN REGION,0,1,0,1,9.3,20.3,0
9/04/2016,EASTERN REGION,0,3,0,2,4.3,20.3,0
10/04/2016,EASTERN REGION,0,0,0,0,10.3,21.8,0
11/04/2016,EASTERN REGION,0,0,0,1,13.8,20.3,0
12/04/2016,EASTERN REGION,0,0,0,1,12.8,20.2,0.6
13/04/2016,EASTERN REGION,0,0,0,0,10.1,19.8,0
14/04/2016,EASTERN REGION,0,2,0,2,11.5,25.4,0
15/04/2016,EASTERN REGION,0,0,0,4,11,26.6,0
16/04/2016,EASTERN REGION,0,1,0,3,10.7,21.1,0
17/04/2016,EASTERN REGION,0,4,0,1,10,18.7,0
18/04/2016,EASTERN REGION,0,0,0,0,9.1,24.1,0
19/04/2016,EASTERN REGION,0,2,0,3,6.9,27.2,0
20/04/2016,EASTERN REGION,0,1,0,2,7.2,27.6,0
21/04/2016,EASTERN REGION,0,1,0,0,7.9,24.6,0
22/04/2016,EASTERN REGION,0,0,0,2,12.3,18.4,9.2
23/04/2016,EASTERN REGION,0,1,0,3,9.6,19,0.2
24/04/2016,EASTERN REGION,0,3,0,5,5.3,21.8,0.2
25/04/2016,EASTERN REGION,0,1,0,2,6.7,24.2,0.2
26/04/2016,EASTERN REGION,0,0,0,2,4.2,25.1,0
27/04/2016,EASTERN REGION,0,0,0,4,2.8,26.9,0
28/04/2016,EASTERN REGION,0,3,0,1,10.5,22.9,0
29/04/2016,EASTERN REGION,0,1,0,2,11.2,18.2,0
30/04/2016,EASTERN REGION,0,2,0,1,10.9,25.7,3.6
1/05/2016,EASTERN REGION,0,0,0,2,11.2,18.2,6.4
2/05/2016,EASTERN REGION,0,1,0,1,4.6,18.9,4.4
3/05/2016,EASTERN REGION,0,1,0,4,11,22.6,0
4/05/2016,EASTERN REGION,0,0,0,0,9,17.4,2.8
5/05/2016,EASTERN REGION,0,0,0,4,4.5,21.5,0
6/05/2016,EASTERN REGION,0,0,0,0,5.3,26.2,0
7/05/2016,EASTERN REGION,0,1,0,4,6.9,25.9,0
8/05/2016,EASTERN REGION,0,0,0,2,8.1,15.6,0.6
9/05/2016,EASTERN REGION,0,0,0,3,11.6,18.5,4.8
10/05/2016,EASTERN REGION,0,1,0,3,10.5,16.7,4.8
11/05/2016,EASTERN REGION,0,1,0,2,9.5,16.2,11.8
12/05/2016,EASTERN REGION,0,0,0,3,12.6,19.1,1
13/05/2016,EASTERN REGION,0,0,0,2,14.6,19.8,0
14/05/2016,EASTERN REGION,0,1,0,4,3.4,22.8,0
15/05/2016,EASTERN REGION,0,3,0,2,8.9,20.6,0
16/05/2016,EASTERN REGION,0,1,0,2,2.1,20.3,0
17/05/2016,EASTERN REGION,0,1,0,1,7.6,17.3,0.4
18/05/2016,EASTERN REGION,0,2,0,2,8.4,18.1,0
19/05/2016,EASTERN REGION,0,1,0,2,11.1,18.6,0
20/05/2016,EASTERN REGION,0,0,0,1,11.5,17.8,7
21/05/2016,EASTERN REGION,0,5,0,3,2.5,18,0
22/05/2016,EASTERN REGION,0,0,0,1,4.6,23,0.2
23/05/2016,EASTERN REGION,0,2,0,4,6.5,15,3.8
24/05/2016,EASTERN REGION,0,0,0,0,9.8,15,5.4
25/05/2016,EASTERN REGION,0,0,0,2,2.9,13.9,0.2
26/05/2016,EASTERN REGION,0,2,0,4,6.6,11.6,2.6
27/05/2016,EASTERN REGION,0,1,0,0,7.6,13.6,5.6
28/05/2016,EASTERN REGION,0,1,0,1,1.9,14,3
29/05/2016,EASTERN REGION,0,0,0,0,5.9,14.3,0.4
30/05/2016,EASTERN REGION,0,1,0,0,-0.4,14.6,0.2
31/05/2016,EASTERN REGION,0,1,0,2,2.7,15,0
1/06/2016,EASTERN REGION,0,0,0,1,0.8,15.7,0
2/06/2016,EASTERN REGION,0,1,0,0,3.9,14.8,0.2
3/06/2016,EASTERN REGION,0,1,0,3,6.9,15.6,0.2
4/06/2016,EASTERN REGION,0,0,0,4,9,15.2,3
5/06/2016,EASTERN REGION,0,0,0,3,12.4,14.1,6.6
6/06/2016,EASTERN REGION,1,1,0,1,10.1,16,13.6
7/06/2016,EASTERN REGION,0,0,0,1,5.5,16,0
8/06/2016,EASTERN REGION,0,1,0,0,11.1,16.2,0
9/06/2016,EASTERN REGION,0,0,0,3,5.5,17,4
10/06/2016,EASTERN REGION,1,0,0,3,10.1,14.4,6.4
11/06/2016,EASTERN REGION,1,1,0,1,8.7,12.2,2
12/06/2016,EASTERN REGION,0,0,0,5,4.7,13.1,6
13/06/2016,EASTERN REGION,0,2,0,1,-0.5,14.5,0.2
14/06/2016,EASTERN REGION,0,1,0,0,-0.6,14.3,0.2
15/06/2016,EASTERN REGION,0,1,0,2,-0.2,15.1,0
16/06/2016,EASTERN REGION,0,1,0,3,1.5,11.9,0.4
17/06/2016,EASTERN REGION,0,1,0,4,2.2,16.2,2
18/06/2016,EASTERN REGION,0,2,0,2,9.7,12.1,1.6
19/06/2016,EASTERN REGION,0,1,0,0,6.3,12.7,0.6
20/06/2016,EASTERN REGION,0,0,0,3,8.9,12.9,12.2
21/06/2016,EASTERN REGION,0,0,0,1,9.8,15.1,4.6
22/06/2016,EASTERN REGION,0,0,0,1,10.3,15,0.4
23/06/2016,EASTERN REGION,0,0,0,1,9.1,16.3,0.8
24/06/2016,EASTERN REGION,0,1,0,3,3.4,8,9.6
25/06/2016,EASTERN REGION,0,2,0,4,3.1,11.3,14.2
26/06/2016,EASTERN REGION,0,3,0,2,1.3,11.8,0.2
27/06/2016,EASTERN REGION,0,1,0,1,-0.2,11.4,0.2
28/06/2016,EASTERN REGION,0,0,0,0,4,14.8,0.2
29/06/2016,EASTERN REGION,0,1,0,3,4.5,16.3,0
30/06/2016,EASTERN REGION,0,0,0,1,1.7,15.3,0
1/07/2016,EASTERN REGION,0,1,0,2,4.5,12.9,1.6
2/07/2016,EASTERN REGION,0,1,0,1,7.9,15.3,0.2
3/07/2016,EASTERN REGION,0,2,0,2,9.9,15.9,0
4/07/2016,EASTERN REGION,0,0,0,0,2.8,10.9,0
5/07/2016,EASTERN REGION,0,1,0,3,4.8,12.7,7.4
6/07/2016,EASTERN REGION,0,0,0,3,7.5,12.6,36.4
7/07/2016,EASTERN REGION,0,2,0,2,10.1,13.1,2.6
8/07/2016,EASTERN REGION,0,1,0,1,8,12.7,3.8
9/07/2016,EASTERN REGION,0,3,0,1,5.7,13.7,0.2
10/07/2016,EASTERN REGION,0,0,0,1,6.7,13.3,0.2
11/07/2016,EASTERN REGION,0,1,0,3,7.1,17.5,3.8
12/07/2016,EASTERN REGION,0,0,0,1,7,14.1,0
13/07/2016,EASTERN REGION,0,1,0,4,3.6,9.6,6.6
14/07/2016,EASTERN REGION,0,1,0,4,3.7,13.1,3.8
15/07/2016,EASTERN REGION,0,1,0,2,9.4,13.4,0
16/07/2016,EASTERN REGION,1,4,0,2,9.1,14.9,0
17/07/2016,EASTERN REGION,0,2,0,2,-0.7,15.8,0.2
18/07/2016,EASTERN REGION,0,1,0,3,1.1,19.2,0
19/07/2016,EASTERN REGION,0,1,0,1,9.3,14.8,0.2
20/07/2016,EASTERN REGION,0,2,0,2,8.9,16.2,0.6
21/07/2016,EASTERN REGION,0,0,0,1,2.8,15.9,0.2
22/07/2016,EASTERN REGION,0,0,0,0,5.6,16.1,14.4
23/07/2016,EASTERN REGION,1,2,0,1,6.1,8.9,21.6
24/07/2016,EASTERN REGION,1,2,0,4,1,12.4,5.4
25/07/2016,EASTERN REGION,0,2,0,4,1.8,13.5,0
26/07/2016,EASTERN REGION,0,0,0,0,6.9,11.3,6.6
27/07/2016,EASTERN REGION,1,0,0,1,4.6,12.8,0
28/07/2016,EASTERN REGION,0,1,0,2,8,13,1
29/07/2016,EASTERN REGION,0,1,0,1,10.5,14.2,0
30/07/2016,EASTERN REGION,0,0,0,3,6.9,15.9,1
31/07/2016,EASTERN REGION,0,3,0,1,9.1,15.5,1.4
1/08/2016,EASTERN REGION,0,2,0,1,2.6,13.3,0.2
2/08/2016,EASTERN REGION,0,1,0,0,4.1,13.3,8
3/08/2016,EASTERN REGION,0,1,0,1,8.1,13.8,1
4/08/2016,EASTERN REGION,0,1,0,2,2,13.8,0
5/08/2016,EASTERN REGION,0,1,0,0,5.8,14.5,0.2
6/08/2016,EASTERN REGION,0,2,0,1,1.7,12.6,0
7/08/2016,EASTERN REGION,0,0,0,2,4.1,15.2,0
8/08/2016,EASTERN REGION,0,0,0,2,-0.2,13.8,0
9/08/2016,EASTERN REGION,0,0,0,1,-0.2,17.7,0
10/08/2016,EASTERN REGION,0,0,0,0,7,16.1,2.2
11/08/2016,EASTERN REGION,0,0,0,1,6.5,13.8,8
12/08/2016,EASTERN REGION,0,1,0,1,2,14.8,0
13/08/2016,EASTERN REGION,0,2,0,5,5.3,15.6,0.8
14/08/2016,EASTERN REGION,0,1,0,2,6.7,16.7,0
15/08/2016,EASTERN REGION,0,1,0,0,6.9,17.7,0
16/08/2016,EASTERN REGION,0,1,0,2,0.8,20.9,0
17/08/2016,EASTERN REGION,0,0,0,3,4.9,14.8,3
18/08/2016,EASTERN REGION,0,2,0,1,0.2,20.6,0.2
19/08/2016,EASTERN REGION,0,1,0,2,6.7,18.4,0
20/08/2016,EASTERN REGION,0,0,0,2,5.6,12.3,5.6
21/08/2016,EASTERN REGION,0,2,0,4,6.9,15.2,1.4
22/08/2016,EASTERN REGION,1,0,0,1,6.5,14.2,2.8
23/08/2016,EASTERN REGION,0,0,0,2,4,14.3,4.4
24/08/2016,EASTERN REGION,0,0,0,1,0.5,14.1,0.4
25/08/2016,EASTERN REGION,0,3,0,2,3.6,13.3,1.6
26/08/2016,EASTERN REGION,0,1,0,4,3,12.9,1.6
27/08/2016,EASTERN REGION,0,1,0,2,0.8,14.9,0
28/08/2016,EASTERN REGION,0,0,0,4,8.8,17.2,0
29/08/2016,EASTERN REGION,0,1,0,1,2.3,18.7,0
30/08/2016,EASTERN REGION,0,1,0,1,4,14,0
31/08/2016,EASTERN REGION,0,1,0,0,8.2,18,6.8
1/09/2016,EASTERN REGION,0,2,0,2,10.2,16.9,0.6
2/09/2016,EASTERN REGION,0,0,0,0,9.8,13.2,2.2
3/09/2016,EASTERN REGION,0,1,0,3,9.5,13.8,5
4/09/2016,EASTERN REGION,0,0,0,0,9.1,14.8,0
5/09/2016,EASTERN REGION,0,0,0,2,9.6,17.5,0
6/09/2016,EASTERN REGION,0,0,0,2,3.2,19.3,0
7/09/2016,EASTERN REGION,0,1,0,1,10,20.2,0
8/09/2016,EASTERN REGION,0,1,0,0,5.3,23,0.2
9/09/2016,EASTERN REGION,2,0,0,3,10.9,18,0.8
10/09/2016,EASTERN REGION,0,1,0,2,11.7,14.1,12.6
11/09/2016,EASTERN REGION,0,2,0,1,6.9,17,0
12/09/2016,EASTERN REGION,0,1,0,2,9,12.5,4.2
13/09/2016,EASTERN REGION,0,0,0,0,9.1,17.2,1.6
14/09/2016,EASTERN REGION,0,1,0,1,9.2,17.5,2.4
15/09/2016,EASTERN REGION,0,1,0,0,5.7,15.2,2.6
16/09/2016,EASTERN REGION,0,2,0,0,8.6,15.8,0.4
17/09/2016,EASTERN REGION,0,0,0,2,5.5,19.2,0
18/09/2016,EASTERN REGION,0,2,0,4,6.8,11.7,0
19/09/2016,EASTERN REGION,0,0,0,0,7.5,15.4,1.6
20/09/2016,EASTERN REGION,0,0,0,0,1.8,19.2,0
21/09/2016,EASTERN REGION,0,0,0,2,7.4,16,0
22/09/2016,EASTERN REGION,0,0,0,2,10.4,14.1,6.2
23/09/2016,EASTERN REGION,0,1,0,2,8.9,17.3,0
24/09/2016,EASTERN REGION,0,1,0,3,8.8,21,0
25/09/2016,EASTERN REGION,0,2,0,0,10.2,15.3,0.4
26/09/2016,EASTERN REGION,0,0,0,1,1.5,16.6,0
27/09/2016,EASTERN REGION,0,2,0,2,6,15.2,5.4
28/09/2016,EASTERN REGION,0,1,0,2,2.4,18.7,0
29/09/2016,EASTERN REGION,0,0,0,2,9.8,17.8,0.8
30/09/2016,EASTERN REGION,0,1,0,1,4.7,15.2,0
1/10/2016,EASTERN REGION,0,3,0,1,6,17.2,2.2
2/10/2016,EASTERN REGION,0,2,0,3,2.7,25.4,0.6
3/10/2016,EASTERN REGION,0,3,0,3,10.3,16.9,3.8
4/10/2016,EASTERN REGION,0,0,0,1,9.1,15.4,7
5/10/2016,EASTERN REGION,0,0,0,5,6.4,15.6,6
6/10/2016,EASTERN REGION,0,1,0,0,11.5,24.8,1
7/10/2016,EASTERN REGION,0,1,0,2,14.1,24.6,0.2
8/10/2016,EASTERN REGION,0,3,0,3,5.7,18.1,0
9/10/2016,EASTERN REGION,0,1,0,2,6.4,26.4,0
10/10/2016,EASTERN REGION,0,1,0,2,8.5,15.3,3
11/10/2016,EASTERN REGION,0,1,0,0,5.5,13.9,9
12/10/2016,EASTERN REGION,0,1,0,0,7.8,13,1.4
13/10/2016,EASTERN REGION,0,0,0,1,1.8,16.8,6
14/10/2016,EASTERN REGION,0,0,0,4,1.3,22.2,0.2
15/10/2016,EASTERN REGION,0,1,0,2,2.3,23.4,0
16/10/2016,EASTERN REGION,0,0,0,5,12.1,25,0
17/10/2016,EASTERN REGION,0,0,0,1,8.5,17.4,10
18/10/2016,EASTERN REGION,0,0,0,5,10,16.7,4
19/10/2016,EASTERN REGION,0,2,0,0,5.7,16.1,1.8
20/10/2016,EASTERN REGION,0,3,0,0,1.2,22.2,0
21/10/2016,EASTERN REGION,0,1,0,0,7.1,24.9,0
22/10/2016,EASTERN REGION,0,1,0,3,6.4,15.2,15.2
23/10/2016,EASTERN REGION,0,0,0,2,6.5,14.7,10.6
24/10/2016,EASTERN REGION,0,1,0,4,6.9,16.9,0.2
25/10/2016,EASTERN REGION,1,0,0,1,4.5,25.3,0
26/10/2016,EASTERN REGION,0,0,0,0,9.9,22.7,0
27/10/2016,EASTERN REGION,0,0,0,0,7.9,17.4,0
28/10/2016,EASTERN REGION,0,0,0,3,2.9,21.1,0
29/10/2016,EASTERN REGION,0,2,0,1,4.1,21.6,0
30/10/2016,EASTERN REGION,0,2,0,5,11.1,27.7,0
31/10/2016,EASTERN REGION,1,3,0,2,6.7,16.8,3
1/11/2016,EASTERN REGION,0,3,0,2,4.3,17.8,0.4
2/11/2016,EASTERN REGION,0,1,0,0,8.2,16.2,2.2
3/11/2016,EASTERN REGION,0,1,0,0,10,20.7,0
4/11/2016,EASTERN REGION,0,2,0,1,4.3,27.1,0.2
5/11/2016,EASTERN REGION,0,0,0,3,8.2,15.5,1.4
6/11/2016,EASTERN REGION,0,3,0,1,9.1,21,6.4
7/11/2016,EASTERN REGION,0,0,0,0,7.2,27.7,0
8/11/2016,EASTERN REGION,0,2,0,2,11.3,19.1,0.4
9/11/2016,EASTERN REGION,0,0,0,1,8.6,18.8,0
10/11/2016,EASTERN REGION,0,1,0,3,11.7,18.6,0
11/11/2016,EASTERN REGION,0,0,0,0,4.8,22.1,0
12/11/2016,EASTERN REGION,1,4,0,3,12.1,26.2,0
13/11/2016,EASTERN REGION,0,0,0,2,12.9,19,1
14/11/2016,EASTERN REGION,0,1,0,1,11.7,17.7,6.8
15/11/2016,EASTERN REGION,0,0,0,2,9.4,17.6,3.6
16/11/2016,EASTERN REGION,0,1,0,1,11.7,23.1,0.2
17/11/2016,EASTERN REGION,0,0,0,2,11,30.2,0.2
18/11/2016,EASTERN REGION,0,0,0,1,13.2,21.7,0
19/11/2016,EASTERN REGION,0,1,0,3,7.8,23.9,0
20/11/2016,EASTERN REGION,1,2,0,3,8.8,29.9,0
21/11/2016,EASTERN REGION,0,1,0,3,11.5,37,0
22/11/2016,EASTERN REGION,1,1,0,2,15,16,1.6
23/11/2016,EASTERN REGION,0,0,0,1,9.5,17,25.4
24/11/2016,EASTERN REGION,0,0,0,0,8.7,17.6,6.6
25/11/2016,EASTERN REGION,0,0,0,2,9.3,17.5,1
26/11/2016,EASTERN REGION,0,2,0,4,10,17.6,0.2
27/11/2016,EASTERN REGION,0,2,0,0,10.3,20.4,0
28/11/2016,EASTERN REGION,0,0,0,2,11.9,21.6,0
29/11/2016,EASTERN REGION,0,0,0,2,9.9,24.4,0
30/11/2016,EASTERN REGION,0,1,0,2,11.9,24.9,0
1/12/2016,EASTERN REGION,0,1,0,1,14.4,25.4,0
2/12/2016,EASTERN REGION,1,2,0,0,12.3,24,0
3/12/2016,EASTERN REGION,0,2,0,0,7.1,25.4,0
4/12/2016,EASTERN REGION,0,2,0,4,12.1,30.5,0
5/12/2016,EASTERN REGION,0,0,0,2,15.8,22.1,1.2
6/12/2016,EASTERN REGION,0,2,0,0,12.2,22.4,0
7/12/2016,EASTERN REGION,0,0,0,2,4.6,26,0
8/12/2016,EASTERN REGION,0,1,0,3,11,24.1,0
9/12/2016,EASTERN REGION,0,0,0,3,9.3,17.5,16.4
10/12/2016,EASTERN REGION,0,1,0,3,10.1,19.5,0.4
11/12/2016,EASTERN REGION,0,4,0,3,10.7,22.6,0
12/12/2016,EASTERN REGION,0,0,0,2,9.7,31.1,0
13/12/2016,EASTERN REGION,0,1,0,0,10,36.6,0
14/12/2016,EASTERN REGION,0,0,0,1,14.4,21.2,0.2
15/12/2016,EASTERN REGION,0,1,0,0,4,22.7,0.4
16/12/2016,EASTERN REGION,0,1,0,2,10.4,27.8,0
17/12/2016,EASTERN REGION,1,0,0,2,15.2,20.8,13.6
18/12/2016,EASTERN REGION,0,1,0,1,7.8,19.8,0
19/12/2016,EASTERN REGION,0,2,0,5,8.6,30.3,0.2
20/12/2016,EASTERN REGION,0,0,0,0,13.3,21.9,1.6
21/12/2016,EASTERN REGION,0,0,0,1,12.2,21.5,0
22/12/2016,EASTERN REGION,0,1,0,0,8.2,25.9,0.2
23/12/2016,EASTERN REGION,0,1,0,2,11.3,33,0
24/12/2016,EASTERN REGION,0,1,0,1,15.1,35.8,0
25/12/2016,EASTERN REGION,0,0,0,3,14,36.6,0
26/12/2016,EASTERN REGION,0,1,0,1,14.9,32.1,0
27/12/2016,EASTERN REGION,0,1,0,1,16.7,26.8,10
28/12/2016,EASTERN REGION,0,1,0,5,19.9,32.7,0.8
29/12/2016,EASTERN REGION,0,1,0,0,20.3,35.1,1.4
30/12/2016,EASTERN REGION,0,1,0,3,19.3,25.5,47.2
31/12/2016,EASTERN REGION,0,0,0,0,15.7,25.8,0.2
1/01/2017,EASTERN REGION,0,0,0,2,15.6,21.5,0
2/01/2017,EASTERN REGION,1,0,0,2,13.7,20.1,0
3/01/2017,EASTERN REGION,0,3,0,2,13.8,25.1,0
4/01/2017,EASTERN REGION,0,0,0,2,13.1,27.2,0
5/01/2017,EASTERN REGION,1,1,0,0,15.9,31.6,1.4
6/01/2017,EASTERN REGION,0,1,0,3,17,29.8,0.2
7/01/2017,EASTERN REGION,0,0,0,1,17.2,35.7,0
8/01/2017,EASTERN REGION,0,2,0,1,19.4,36.2,0
9/01/2017,EASTERN REGION,0,0,0,1,15.1,23.6,0
10/01/2017,EASTERN REGION,0,0,0,2,11.8,30.6,0
11/01/2017,EASTERN REGION,0,1,0,2,16.4,25.3,0
12/01/2017,EASTERN REGION,0,3,0,1,12.4,28.9,0
13/01/2017,EASTERN REGION,0,0,0,2,13.8,24.2,0.2
14/01/2017,EASTERN REGION,0,0,0,2,14.5,23.1,6.2
15/01/2017,EASTERN REGION,0,2,0,2,14.1,23.3,0
16/01/2017,EASTERN REGION,0,0,0,0,8.2,31.8,0
17/01/2017,EASTERN REGION,2,2,0,0,14.2,36.7,0
18/01/2017,EASTERN REGION,0,1,0,0,15.3,22.8,0
19/01/2017,EASTERN REGION,0,0,0,1,4.7,24.9,0
20/01/2017,EASTERN REGION,0,1,0,1,15.2,20.8,8.6
21/01/2017,EASTERN REGION,0,1,0,3,12.9,23.4,3.4
22/01/2017,EASTERN REGION,1,2,0,1,8.9,29.2,0.2
23/01/2017,EASTERN REGION,0,2,0,3,14.5,36,0
24/01/2017,EASTERN REGION,0,0,0,1,17.9,23.9,1.8
25/01/2017,EASTERN REGION,0,1,0,2,6.2,26.2,0
26/01/2017,EASTERN REGION,0,2,0,1,10,25,0
27/01/2017,EASTERN REGION,0,0,0,1,14.4,29.7,0
28/01/2017,EASTERN REGION,0,1,0,0,11.6,31.5,0
29/01/2017,EASTERN REGION,0,1,0,0,14.8,30.8,0
30/01/2017,EASTERN REGION,0,1,0,1,12.8,31.8,0
31/01/2017,EASTERN REGION,0,0,0,0,15.6,24.2,0
1/02/2017,EASTERN REGION,0,2,0,1,7.1,24.4,0
2/02/2017,EASTERN REGION,0,0,0,0,8.7,26,0
3/02/2017,EASTERN REGION,0,0,0,0,8.7,29,0
4/02/2017,EASTERN REGION,0,0,0,1,9.1,36,0
5/02/2017,EASTERN REGION,0,1,0,1,17.4,31.5,0
6/02/2017,EASTERN REGION,0,1,0,0,14.8,16.8,20.2
7/02/2017,EASTERN REGION,1,0,0,0,13.3,21.9,0
8/02/2017,EASTERN REGION,0,0,0,2,16.4,31.4,0
9/02/2017,EASTERN REGION,0,0,0,1,17.6,37.8,0
10/02/2017,EASTERN REGION,0,1,0,1,17,33.1,0
11/02/2017,EASTERN REGION,0,0,0,0,17.1,28.7,0
12/02/2017,EASTERN REGION,0,1,0,1,13.7,19,3
13/02/2017,EASTERN REGION,0,2,0,4,11.8,20.2,2.8
14/02/2017,EASTERN REGION,0,0,0,0,12.1,20.6,0.8
15/02/2017,EASTERN REGION,0,1,0,1,7.6,31.4,0
16/02/2017,EASTERN REGION,0,0,0,1,12.9,28.3,0
17/02/2017,EASTERN REGION,0,3,0,1,14.4,25.3,0
18/02/2017,EASTERN REGION,0,1,0,2,13.3,20.2,0
19/02/2017,EASTERN REGION,0,3,0,1,8.6,19.3,0
20/02/2017,EASTERN REGION,0,0,0,1,8.9,18.5,8.2
21/02/2017,EASTERN REGION,0,0,0,2,11.7,23.8,4.2
22/02/2017,EASTERN REGION,0,1,0,1,8.9,31.2,0
23/02/2017,EASTERN REGION,1,1,0,2,13.7,27.1,0
24/02/2017,EASTERN REGION,0,2,0,1,14.6,21.9,0
25/02/2017,EASTERN REGION,0,1,0,1,7.9,22.4,0
26/02/2017,EASTERN REGION,0,2,0,0,12,26.3,0
27/02/2017,EASTERN REGION,0,1,0,1,11.3,31.9,0
28/02/2017,EASTERN REGION,0,0,0,0,9.8,33.1,0
1/03/2017,EASTERN REGION,0,0,0,0,7.8,33.3,0
2/03/2017,EASTERN REGION,0,2,0,3,11.8,31.6,0
3/03/2017,EASTERN REGION,0,1,0,1,14.9,26.3,0
4/03/2017,EASTERN REGION,0,2,0,5,15.5,27.6,0
5/03/2017,EASTERN REGION,0,0,0,2,18.7,26.4,0
6/03/2017,EASTERN REGION,0,3,0,2,14,26.6,0
7/03/2017,EASTERN REGION,0,0,0,0,13.4,22.7,0
8/03/2017,EASTERN REGION,0,0,0,0,12.1,26.3,0
9/03/2017,EASTERN REGION,0,0,0,0,8.8,31,0
10/03/2017,EASTERN REGION,0,0,0,0,10.1,32.1,0
11/03/2017,EASTERN REGION,1,2,0,0,11.7,30,0
12/03/2017,EASTERN REGION,0,0,0,1,15.6,31,0.2
13/03/2017,EASTERN REGION,0,3,0,2,11.4,31.5,0.2
14/03/2017,EASTERN REGION,0,1,0,0,16.5,32.6,0
15/03/2017,EASTERN REGION,0,0,0,1,15.4,34.8,0
16/03/2017,EASTERN REGION,0,2,0,5,15.5,27.8,0
17/03/2017,EASTERN REGION,0,0,0,3,10.3,25,0
18/03/2017,EASTERN REGION,0,0,0,3,13.5,26.9,0
19/03/2017,EASTERN REGION,0,0,0,1,14.8,33.7,0
20/03/2017,EASTERN REGION,0,2,0,1,15.1,28.2,0
21/03/2017,EASTERN REGION,0,0,0,2,17.4,23.4,4.6
22/03/2017,EASTERN REGION,0,2,0,2,17.5,18.1,8
23/03/2017,EASTERN REGION,0,1,0,0,15.4,21.8,5.8
24/03/2017,EASTERN REGION,0,2,0,2,15.8,20.9,0
25/03/2017,EASTERN REGION,1,2,0,2,15,29.5,0
26/03/2017,EASTERN REGION,0,1,0,3,16.1,28.5,0
27/03/2017,EASTERN REGION,0,3,0,2,16.8,37.8,0
28/03/2017,EASTERN REGION,0,0,0,1,7.3,23.6,9.6
29/03/2017,EASTERN REGION,0,2,0,0,8.2,28.4,0
30/03/2017,EASTERN REGION,0,2,0,0,9.1,18.4,3.2
31/03/2017,EASTERN REGION,0,0,0,3,4.2,18.1,5
1/04/2017,EASTERN REGION,0,4,0,1,8.1,18.9,0
2/04/2017,EASTERN REGION,0,0,0,1,7.7,16.4,0.2
3/04/2017,EASTERN REGION,0,1,0,2,5.3,21.5,0
4/04/2017,EASTERN REGION,0,1,0,2,8.5,23.7,0
5/04/2017,EASTERN REGION,0,0,0,2,4.9,25.3,0
6/04/2017,EASTERN REGION,0,0,0,0,5.6,25.8,0
7/04/2017,EASTERN REGION,0,2,0,2,5.1,27.5,0
8/04/2017,EASTERN REGION,0,0,0,0,7.8,28.8,0
9/04/2017,EASTERN REGION,0,0,0,1,14.3,16.8,8.6
10/04/2017,EASTERN REGION,0,1,0,1,7,16.1,11.6
11/04/2017,EASTERN REGION,0,0,0,0,11.7,21.3,0.2
12/04/2017,EASTERN REGION,0,3,0,1,8.7,20.7,0.2
13/04/2017,EASTERN REGION,0,0,0,1,8,22.9,0
14/04/2017,EASTERN REGION,0,3,0,4,10.7,17.3,0
15/04/2017,EASTERN REGION,0,1,0,1,4.6,17.5,1.2
16/04/2017,EASTERN REGION,0,0,0,0,6.3,21.2,0
17/04/2017,EASTERN REGION,0,0,0,2,7.6,21.5,0
18/04/2017,EASTERN REGION,1,1,0,2,6.4,22.9,0
19/04/2017,EASTERN REGION,1,0,0,2,12.7,24.4,0
20/04/2017,EASTERN REGION,0,0,0,0,8.1,28,0
21/04/2017,EASTERN REGION,0,1,0,3,9.4,18.3,0
22/04/2017,EASTERN REGION,0,1,0,0,14,23.4,6
23/04/2017,EASTERN REGION,1,2,0,2,13.4,23.1,0.4
24/04/2017,EASTERN REGION,0,1,0,0,12.4,22.7,0
25/04/2017,EASTERN REGION,0,2,0,5,14,17.8,11.4
26/04/2017,EASTERN REGION,0,1,0,4,9.5,15.4,6.2
27/04/2017,EASTERN REGION,0,0,0,1,3.5,15.2,1.6
28/04/2017,EASTERN REGION,0,0,0,1,9.3,18.9,0.2
29/04/2017,EASTERN REGION,0,2,0,0,13.5,19.6,0
30/04/2017,EASTERN REGION,0,2,0,1,7.8,17.9,0
1/05/2017,EASTERN REGION,0,2,0,2,5.8,20.1,0
2/05/2017,EASTERN REGION,1,1,0,1,10,13.4,6.2
3/05/2017,EASTERN REGION,0,0,0,3,2.9,16.7,4.4
4/05/2017,EASTERN REGION,0,0,0,1,1.3,17.9,0
5/05/2017,EASTERN REGION,0,1,0,0,1.7,19,0.2
6/05/2017,EASTERN REGION,0,0,0,4,4.9,20.9,0
7/05/2017,EASTERN REGION,0,1,0,0,7.8,14.1,13
8/05/2017,EASTERN REGION,0,1,0,2,8,17.1,1.4
9/05/2017,EASTERN REGION,0,0,0,1,10.7,17.5,0
10/05/2017,EASTERN REGION,0,2,0,0,3.7,16.9,0.2
11/05/2017,EASTERN REGION,0,1,0,1,3.6,16.1,0.2
12/05/2017,EASTERN REGION,0,0,0,1,3.5,18.4,0.2
13/05/2017,EASTERN REGION,0,1,0,0,2.7,15.7,0.2
14/05/2017,EASTERN REGION,0,0,0,1,5.6,16.6,0
15/05/2017,EASTERN REGION,1,0,0,1,6.9,17.4,0
16/05/2017,EASTERN REGION,0,0,0,1,3.9,17.1,1.2
17/05/2017,EASTERN REGION,1,0,0,0,6.4,17,0
18/05/2017,EASTERN REGION,0,1,0,0,9.5,19.2,0
19/05/2017,EASTERN REGION,1,2,0,3,10.8,18.2,0
20/05/2017,EASTERN REGION,0,1,0,4,11,20.4,0.6
21/05/2017,EASTERN REGION,0,1,0,2,3.1,20.3,0
22/05/2017,EASTERN REGION,0,1,0,0,3.1,21.1,0
23/05/2017,EASTERN REGION,0,1,0,1,8.3,18,0
24/05/2017,EASTERN REGION,0,0,0,2,4.8,16.3,0
25/05/2017,EASTERN REGION,0,1,0,0,9.9,17,0.2
26/05/2017,EASTERN REGION,0,0,0,1,9.7,16.9,2.2
27/05/2017,EASTERN REGION,0,1,0,1,2.8,19.7,0
28/05/2017,EASTERN REGION,0,1,0,1,6.6,14.3,6.2
29/05/2017,EASTERN REGION,0,0,0,1,6.2,13.5,2.2
30/05/2017,EASTERN REGION,0,0,0,0,3.5,10.9,1.2
31/05/2017,EASTERN REGION,0,0,0,2,2.7,12,7.2
1/06/2017,EASTERN REGION,0,0,0,1,5.6,12.8,0.8
2/06/2017,EASTERN REGION,0,1,0,1,9.3,13.6,0
3/06/2017,EASTERN REGION,0,1,0,0,8.7,15.5,0.2
4/06/2017,EASTERN REGION,0,0,0,1,2.4,12.7,0
5/06/2017,EASTERN REGION,0,2,0,1,3.7,15.4,0
6/06/2017,EASTERN REGION,0,0,0,1,7.2,13.9,9.8
7/06/2017,EASTERN REGION,0,1,0,0,0.6,14.9,0
8/06/2017,EASTERN REGION,0,0,0,1,2,13,0.2
9/06/2017,EASTERN REGION,0,0,0,1,2.2,14.8,0.4
10/06/2017,EASTERN REGION,0,3,0,3,-0.4,14.9,0.2
11/06/2017,EASTERN REGION,0,0,0,1,1.6,15.7,0
12/06/2017,EASTERN REGION,0,1,0,2,3.6,13.8,0.2
13/06/2017,EASTERN REGION,0,0,0,2,8.9,13.5,0.2
14/06/2017,EASTERN REGION,0,0,0,1,3.5,14.3,0
15/06/2017,EASTERN REGION,0,0,0,3,2.9,16.3,0.2
16/06/2017,EASTERN REGION,0,0,0,1,0.6,16.9,0
17/06/2017,EASTERN REGION,0,0,0,2,-1,14.6,0.2
18/06/2017,EASTERN REGION,2,0,0,2,0.3,16.6,0
19/06/2017,EASTERN REGION,0,1,0,2,6.5,14.7,0.2
20/06/2017,EASTERN REGION,0,1,0,2,-0.2,15.7,0.2
21/06/2017,EASTERN REGION,0,0,0,1,3.1,13.1,0
22/06/2017,EASTERN REGION,0,1,0,0,6.3,13.8,0
23/06/2017,EASTERN REGION,0,0,0,1,0.5,15.7,0
24/06/2017,EASTERN REGION,0,0,0,0,4.7,11.8,3.4
25/06/2017,EASTERN REGION,0,2,0,1,0.2,13.6,0.2
26/06/2017,EASTERN REGION,0,1,0,0,8.5,12.5,1.8
27/06/2017,EASTERN REGION,0,0,0,0,1.1,11.1,0.8
28/06/2017,EASTERN REGION,0,0,0,0,2.1,12.7,0
29/06/2017,EASTERN REGION,1,0,0,2,2.2,12.5,0
30/06/2017,EASTERN REGION,0,0,0,0,4,11.8,4.6
1/07/2017,EASTERN REGION,0,1,0,0,-1.8,12.5,0.8
2/07/2017,EASTERN REGION,0,3,0,0,-4.4,12.5,0
3/07/2017,EASTERN REGION,0,0,0,1,-4.8,9.5,0.2
4/07/2017,EASTERN REGION,0,0,0,1,0.3,15.5,5.2
5/07/2017,EASTERN REGION,0,0,0,1,6.9,14.3,0
6/07/2017,EASTERN REGION,0,1,0,1,3.8,13.8,0.4
7/07/2017,EASTERN REGION,0,0,0,0,-3.1,14,0
8/07/2017,EASTERN REGION,0,0,0,1,-1.5,14.4,0.2
9/07/2017,EASTERN REGION,0,1,0,2,1.2,12.7,2.4
10/07/2017,EASTERN REGION,0,0,0,0,5.5,14.7,0
11/07/2017,EASTERN REGION,0,1,0,1,5.8,14.2,1.6
12/07/2017,EASTERN REGION,0,0,0,1,-0.7,13.6,0.2
13/07/2017,EASTERN REGION,0,0,0,0,-1.4,12.4,0.2
14/07/2017,EASTERN REGION,0,0,0,3,0.4,13.9,0.4
15/07/2017,EASTERN REGION,0,0,0,1,4.1,10.4,1.6
16/07/2017,EASTERN REGION,1,1,0,0,-3.3,13.2,0.2
17/07/2017,EASTERN REGION,0,0,0,2,-1.4,17.3,0.2
18/07/2017,EASTERN REGION,0,0,0,1,0.9,15.4,0
19/07/2017,EASTERN REGION,0,0,0,0,4.7,14.5,1.2
20/07/2017,EASTERN REGION,0,2,0,1,7,10.9,4.4
21/07/2017,EASTERN REGION,0,1,0,2,-0.4,13.9,5.4
22/07/2017,EASTERN REGION,1,0,0,1,-4,14.1,0
23/07/2017,EASTERN REGION,0,0,0,0,0.5,15.6,0.2
24/07/2017,EASTERN REGION,0,0,0,0,8.5,13.8,6.2
25/07/2017,EASTERN REGION,0,1,0,1,1,20.5,0
26/07/2017,EASTERN REGION,0,1,0,2,7.2,13.1,4.6
27/07/2017,EASTERN REGION,0,0,0,2,2.6,12.5,8.2
28/07/2017,EASTERN REGION,0,1,0,1,4,14.2,4.8
29/07/2017,EASTERN REGION,0,0,0,1,1.4,22,0
30/07/2017,EASTERN REGION,0,0,0,2,6.1,16.6,0.2
31/07/2017,EASTERN REGION,0,0,0,1,2.7,15.3,0.2
1/08/2017,EASTERN REGION,0,0,0,1,-0.4,15.5,1.2
2/08/2017,EASTERN REGION,0,1,0,2,-0.4,13.8,0
3/08/2017,EASTERN REGION,0,0,0,0,3.2,9.3,0
4/08/2017,EASTERN REGION,0,0,0,0,3.8,12.4,8
5/08/2017,EASTERN REGION,2,0,0,2,2,14.7,0.6
6/08/2017,EASTERN REGION,0,1,0,2,4.1,15.1,0
7/08/2017,EASTERN REGION,0,0,0,1,1.8,11.3,2.8
8/08/2017,EASTERN REGION,0,1,0,2,5.7,13.2,5
9/08/2017,EASTERN REGION,0,1,0,1,9,18.2,0.8
10/08/2017,EASTERN REGION,0,0,0,1,4.8,21.2,0
11/08/2017,EASTERN REGION,0,1,0,2,7.5,16.1,0.2
12/08/2017,EASTERN REGION,0,1,0,0,9.5,15.9,0.4
13/08/2017,EASTERN REGION,0,0,0,2,8.5,18.7,3.4
14/08/2017,EASTERN REGION,0,0,0,0,3.6,21,0
15/08/2017,EASTERN REGION,0,1,0,1,2.2,15.4,0
16/08/2017,EASTERN REGION,0,1,0,2,7,15.8,13.8
17/08/2017,EASTERN REGION,0,1,0,0,9.3,14.4,3.8
18/08/2017,EASTERN REGION,0,2,0,2,6.4,9.1,11.6
19/08/2017,EASTERN REGION,0,1,0,1,3.1,12.3,13.8
20/08/2017,EASTERN REGION,0,2,0,1,0.4,12.9,0
21/08/2017,EASTERN REGION,0,1,0,0,1.5,11.7,0.2
22/08/2017,EASTERN REGION,0,0,0,1,0.4,16.1,0.2
23/08/2017,EASTERN REGION,0,0,0,0,2.1,17.1,0
24/08/2017,EASTERN REGION,0,3,0,0,4.8,13.5,8.4
25/08/2017,EASTERN REGION,0,1,0,2,3.4,14,0.6
26/08/2017,EASTERN REGION,0,1,0,3,2.7,14.7,0.2
27/08/2017,EASTERN REGION,0,0,0,2,5,11.9,7
28/08/2017,EASTERN REGION,0,1,0,0,-1.5,12.6,0
29/08/2017,EASTERN REGION,0,1,0,0,-0.3,13.1,0.2
30/08/2017,EASTERN REGION,0,0,0,3,5.8,14.3,0.2
31/08/2017,EASTERN REGION,0,0,0,3,-2.5,14.3,0.2
1/09/2017,EASTERN REGION,0,1,0,1,-0.7,16.2,0
2/09/2017,EASTERN REGION,0,0,0,2,0.7,22.1,0
3/09/2017,EASTERN REGION,1,0,0,2,5.8,22,0
4/09/2017,EASTERN REGION,0,0,0,1,7,12.8,9.2
5/09/2017,EASTERN REGION,0,0,0,2,4,10.9,3.4
6/09/2017,EASTERN REGION,0,0,0,2,4.5,13.3,17.4
7/09/2017,EASTERN REGION,0,1,0,1,8.1,14.3,0.6
8/09/2017,EASTERN REGION,0,0,0,0,5.8,12.6,5
9/09/2017,EASTERN REGION,0,1,0,1,6.7,13.2,7
10/09/2017,EASTERN REGION,0,1,0,4,7.1,15.1,2.2
11/09/2017,EASTERN REGION,0,1,0,1,3.2,18.2,0.2
12/09/2017,EASTERN REGION,0,0,0,1,6.4,18.1,0.8
13/09/2017,EASTERN REGION,0,0,0,0,8.6,15.8,2.8
14/09/2017,EASTERN REGION,0,0,0,0,3.9,12.5,14.8
15/09/2017,EASTERN REGION,0,0,0,0,6.8,16,1.8
16/09/2017,EASTERN REGION,0,0,0,0,6.6,13.5,20.8
17/09/2017,EASTERN REGION,0,1,0,1,4,16.8,1
18/09/2017,EASTERN REGION,0,3,0,1,-0.3,22,0.2
19/09/2017,EASTERN REGION,1,0,0,1,7.3,13.7,5.6
20/09/2017,EASTERN REGION,0,2,0,2,4.8,17.8,2
21/09/2017,EASTERN REGION,0,1,0,1,2.7,22.6,0.2
22/09/2017,EASTERN REGION,0,0,0,1,8.1,19.7,0
23/09/2017,EASTERN REGION,0,0,0,0,7.6,31.4,0
24/09/2017,EASTERN REGION,1,0,0,1,10.3,19.5,0
25/09/2017,EASTERN REGION,0,1,0,1,9.6,15.2,1.6
26/09/2017,EASTERN REGION,0,1,0,0,6,15.6,0.2
27/09/2017,EASTERN REGION,0,0,0,4,5.1,20,0
28/09/2017,EASTERN REGION,0,2,0,1,7.5,16.5,0
29/09/2017,EASTERN REGION,0,0,0,2,7,18.2,0
30/09/2017,EASTERN REGION,0,1,0,1,8.6,16.1,3.6
1/10/2017,EASTERN REGION,0,0,0,3,8.8,17.3,0
2/10/2017,EASTERN REGION,0,0,0,1,7.4,18.5,0
3/10/2017,EASTERN REGION,0,1,0,1,5.2,22.1,0
4/10/2017,EASTERN REGION,0,1,0,1,4.7,21.8,0
5/10/2017,EASTERN REGION,0,2,0,1,10.1,22.8,0
6/10/2017,EASTERN REGION,0,0,0,2,9.1,16.5,0.4
7/10/2017,EASTERN REGION,0,2,0,0,2.3,19,0.2
8/10/2017,EASTERN REGION,0,1,0,0,8.8,25,0.2
9/10/2017,EASTERN REGION,0,2,0,1,9.1,18.2,7.2
10/10/2017,EASTERN REGION,0,0,0,1,3.3,19.3,1.4
11/10/2017,EASTERN REGION,0,0,0,0,4.3,22.3,0
12/10/2017,EASTERN REGION,0,2,0,0,9.4,17.8,7.6
13/10/2017,EASTERN REGION,0,0,0,1,11.8,17.5,0
14/10/2017,EASTERN REGION,1,3,0,1,6.2,19.1,0
15/10/2017,EASTERN REGION,0,3,0,3,3.8,22.2,0
16/10/2017,EASTERN REGION,1,1,0,0,7.7,27,0
17/10/2017,EASTERN REGION,0,1,0,0,7.1,30.1,0
18/10/2017,EASTERN REGION,0,2,0,1,6.7,30.9,0
19/10/2017,EASTERN REGION,0,1,0,3,9.7,24.6,0
20/10/2017,EASTERN REGION,0,4,0,3,9.7,17.4,10
21/10/2017,EASTERN REGION,0,1,0,0,10.1,15.7,0
22/10/2017,EASTERN REGION,0,0,0,1,9.7,18.9,0
23/10/2017,EASTERN REGION,0,1,0,3,10.8,19.4,0.2
24/10/2017,EASTERN REGION,0,1,0,2,9.1,21.8,0
25/10/2017,EASTERN REGION,0,2,0,1,12.3,19.4,20.2
26/10/2017,EASTERN REGION,0,2,0,1,12.6,18.4,0
27/10/2017,EASTERN REGION,0,0,0,1,10.2,24.2,0.2
28/10/2017,EASTERN REGION,0,0,0,0,10.8,19,0
29/10/2017,EASTERN REGION,0,2,0,2,11.7,27.4,2.2
30/10/2017,EASTERN REGION,0,2,0,3,7.7,17.3,3
31/10/2017,EASTERN REGION,0,0,0,0,6.3,16.3,2.8
1/11/2017,EASTERN REGION,0,1,0,3,8.9,19.1,2.8
2/11/2017,EASTERN REGION,0,3,0,0,10.8,15.8,1.2
3/11/2017,EASTERN REGION,0,1,0,0,9.1,15.3,1.6
4/11/2017,EASTERN REGION,0,1,0,4,3.3,16.8,4
5/11/2017,EASTERN REGION,1,1,0,2,1.8,18.1,0
6/11/2017,EASTERN REGION,0,1,0,1,7.8,19.2,0
7/11/2017,EASTERN REGION,0,0,0,1,9.1,16.1,1.6
8/11/2017,EASTERN REGION,0,3,0,1,2.2,20.6,0
9/11/2017,EASTERN REGION,0,0,0,1,6.1,25.1,0
10/11/2017,EASTERN REGION,0,0,0,1,11.4,23.5,0
11/11/2017,EASTERN REGION,0,0,0,0,13.3,24.7,0
12/11/2017,EASTERN REGION,0,3,0,2,13.4,25.3,0
13/11/2017,EASTERN REGION,0,1,0,4,14.2,28.5,0
14/11/2017,EASTERN REGION,0,0,0,1,10.3,32.7,0
15/11/2017,EASTERN REGION,0,1,0,2,9.5,33.9,0
16/11/2017,EASTERN REGION,0,1,0,2,13.9,28.5,0
17/11/2017,EASTERN REGION,1,0,0,1,14.6,27.6,4.2
18/11/2017,EASTERN REGION,1,2,0,4,11.7,29.6,1.2
19/11/2017,EASTERN REGION,0,4,0,1,11,29.8,0
20/11/2017,EASTERN REGION,0,1,0,1,11,31.4,0
21/11/2017,EASTERN REGION,0,2,0,2,10.8,32.8,0
22/11/2017,EASTERN REGION,0,0,0,1,7.4,31.7,14.2
23/11/2017,EASTERN REGION,0,0,0,1,9,33.4,0
24/11/2017,EASTERN REGION,0,0,0,4,13.9,30.3,0.2
25/11/2017,EASTERN REGION,1,1,0,2,16.2,33.2,0.2
26/11/2017,EASTERN REGION,0,0,0,0,16.4,24,18
27/11/2017,EASTERN REGION,0,0,0,0,17.1,24.7,1.4
28/11/2017,EASTERN REGION,0,0,0,1,12.6,28.3,0.2
29/11/2017,EASTERN REGION,0,0,0,1,17.6,32.3,0
30/11/2017,EASTERN REGION,0,1,0,0,16.1,35.5,0
1/12/2017,EASTERN REGION,0,1,0,1,16.4,22.3,0
2/12/2017,EASTERN REGION,0,1,0,3,13.9,16.9,38.8
3/12/2017,EASTERN REGION,0,0,0,1,11.8,16.4,19.4
4/12/2017,EASTERN REGION,0,1,0,1,9.5,19.9,1.2
5/12/2017,EASTERN REGION,0,0,0,0,9.2,18.2,0.6
6/12/2017,EASTERN REGION,0,1,0,2,13.4,23.4,9.2
7/12/2017,EASTERN REGION,0,1,0,2,9.2,25.9,0
8/12/2017,EASTERN REGION,0,2,0,0,11.2,19.6,25
9/12/2017,EASTERN REGION,0,2,0,2,9,23.3,2.2
10/12/2017,EASTERN REGION,0,2,0,1,11.7,24.5,0
11/12/2017,EASTERN REGION,0,1,0,2,14,24,0
12/12/2017,EASTERN REGION,0,0,0,3,10.8,29.4,0
13/12/2017,EASTERN REGION,0,0,0,0,12.4,35.6,0
14/12/2017,EASTERN REGION,0,1,0,1,18,24.6,0
15/12/2017,EASTERN REGION,0,0,0,4,9,28.7,0
16/12/2017,EASTERN REGION,0,3,0,1,12.6,27,0
17/12/2017,EASTERN REGION,0,1,0,1,15,25.7,0
18/12/2017,EASTERN REGION,0,0,0,0,16,30.3,0
19/12/2017,EASTERN REGION,0,1,0,1,19.1,33.5,0
20/12/2017,EASTERN REGION,0,1,0,0,13.1,25.6,3.8
21/12/2017,EASTERN REGION,0,0,0,0,9.5,24.9,0.2
22/12/2017,EASTERN REGION,0,1,0,0,12.6,28.3,0
23/12/2017,EASTERN REGION,0,1,0,5,11.8,29.7,0
24/12/2017,EASTERN REGION,0,0,0,1,15.4,21.6,0.4
25/12/2017,EASTERN REGION,0,1,0,2,9.2,24.3,0
26/12/2017,EASTERN REGION,0,0,0,5,11.1,27.8,0
27/12/2017,EASTERN REGION,0,0,0,2,12.8,34.3,0
28/12/2017,EASTERN REGION,1,0,0,0,20.5,30.8,0
29/12/2017,EASTERN REGION,1,0,0,5,17.7,22.9,0.8
30/12/2017,EASTERN REGION,0,0,0,3,14.4,20.8,44.4
31/12/2017,EASTERN REGION,0,2,0,4,8.7,25.9,0.2
1/01/2018,EASTERN REGION,0,0,0,2,15.5,26.2,0.2
2/01/2018,EASTERN REGION,0,2,0,1,16.1,23.2,0
3/01/2018,EASTERN REGION,0,2,0,1,12.9,22.9,0
4/01/2018,EASTERN REGION,0,1,0,1,8.6,25.8,0
5/01/2018,EASTERN REGION,0,3,0,0,11.1,30.5,0
6/01/2018,EASTERN REGION,0,0,0,4,14.1,39.2,0
7/01/2018,EASTERN REGION,0,1,0,1,16.9,24.1,0
8/01/2018,EASTERN REGION,0,0,0,1,16,25.1,0
9/01/2018,EASTERN REGION,0,0,0,1,15.3,24,0
10/01/2018,EASTERN REGION,0,1,0,2,6.5,24.6,0
11/01/2018,EASTERN REGION,0,1,0,1,16.1,32.4,0
12/01/2018,EASTERN REGION,0,3,0,2,18.8,24.2,0
13/01/2018,EASTERN REGION,0,1,0,1,14.6,20.9,20.2
14/01/2018,EASTERN REGION,1,2,0,1,8.8,20.8,5.2
15/01/2018,EASTERN REGION,0,0,0,2,12.7,23,0.4
16/01/2018,EASTERN REGION,0,0,0,1,14.2,23.8,0
17/01/2018,EASTERN REGION,0,0,0,3,9.9,27.9,0
18/01/2018,EASTERN REGION,1,0,0,4,9.5,36.8,0
19/01/2018,EASTERN REGION,0,2,0,1,12.6,40.1,0
20/01/2018,EASTERN REGION,1,2,0,2,18.2,30.9,0
21/01/2018,EASTERN REGION,0,3,0,2,19.3,31,0
22/01/2018,EASTERN REGION,0,0,0,0,18.4,31.3,0
23/01/2018,EASTERN REGION,0,0,0,0,16,28.7,0
24/01/2018,EASTERN REGION,0,1,0,0,17.4,23.2,0
25/01/2018,EASTERN REGION,0,0,0,3,18.2,32.5,0
26/01/2018,EASTERN REGION,0,2,0,2,18.5,33.2,0
27/01/2018,EASTERN REGION,0,1,0,1,20,35,0.4
28/01/2018,EASTERN REGION,0,0,0,3,18.9,37.9,0
29/01/2018,EASTERN REGION,0,0,0,2,19.2,37.8,0
30/01/2018,EASTERN REGION,0,1,0,5,14.1,21.6,7.2
31/01/2018,EASTERN REGION,0,0,0,3,11.1,21,0.2
1/02/2018,EASTERN REGION,0,0,0,1,4.7,23.2,0
2/02/2018,EASTERN REGION,0,1,0,0,7.8,25.3,0
3/02/2018,EASTERN REGION,0,0,0,1,12.1,26.7,0
4/02/2018,EASTERN REGION,0,0,0,2,12.1,30.2,0
5/02/2018,EASTERN REGION,0,1,0,1,9.8,29.9,0
6/02/2018,EASTERN REGION,0,0,0,0,15.1,28.9,0
7/02/2018,EASTERN REGION,0,2,0,4,15.7,35.7,0
8/02/2018,EASTERN REGION,0,0,0,0,15.3,35.8,0
9/02/2018,EASTERN REGION,0,0,0,2,18.9,27.7,0
10/02/2018,EASTERN REGION,0,1,0,0,17.1,30.9,0
11/02/2018,EASTERN REGION,0,0,0,1,14.3,23.7,0.8
12/02/2018,EASTERN REGION,0,2,0,0,12.2,24.5,0
13/02/2018,EASTERN REGION,1,0,0,2,7.2,29,0
14/02/2018,EASTERN REGION,0,0,0,3,12.5,25.3,0
15/02/2018,EASTERN REGION,0,0,0,0,10.1,25.1,0.6
16/02/2018,EASTERN REGION,0,2,0,2,14.3,23.4,2
17/02/2018,EASTERN REGION,0,2,0,1,6.7,30,0
18/02/2018,EASTERN REGION,0,1,0,2,9.6,29.3,0
19/02/2018,EASTERN REGION,0,0,0,3,16.4,20.5,3.6
20/02/2018,EASTERN REGION,0,0,0,4,13.7,23.2,0.4
21/02/2018,EASTERN REGION,0,1,0,1,11.5,27.8,0
22/02/2018,EASTERN REGION,0,0,0,2,15.4,32.6,0
23/02/2018,EASTERN REGION,0,1,0,0,17.5,31.2,0.2
24/02/2018,EASTERN REGION,0,1,0,1,16.6,34.3,0
25/02/2018,EASTERN REGION,0,0,0,1,13.8,20.7,1
26/02/2018,EASTERN REGION,0,1,0,1,13.8,24.1,2
27/02/2018,EASTERN REGION,0,0,0,2,10.8,32,0
28/02/2018,EASTERN REGION,0,0,0,2,10.6,35.3,0
1/03/2018,EASTERN REGION,0,0,0,1,15.1,22.8,0.6
2/03/2018,EASTERN REGION,0,0,0,2,10.2,25.5,0
3/03/2018,EASTERN REGION,0,0,0,1,12.8,33.4,0
4/03/2018,EASTERN REGION,0,2,0,1,13.2,24.1,0
5/03/2018,EASTERN REGION,0,3,0,0,11.5,22.5,0
6/03/2018,EASTERN REGION,0,0,0,1,7.1,24.9,0
7/03/2018,EASTERN REGION,0,1,0,1,10.7,29.6,0
8/03/2018,EASTERN REGION,0,1,0,2,8.3,30.5,0
9/03/2018,EASTERN REGION,1,1,0,2,10.2,32.4,0
10/03/2018,EASTERN REGION,0,4,0,3,10.8,34.8,0
11/03/2018,EASTERN REGION,0,1,0,2,10.7,30.5,0
12/03/2018,EASTERN REGION,0,2,0,0,14.4,23.1,0
13/03/2018,EASTERN REGION,0,2,0,1,13.5,24.7,0
14/03/2018,EASTERN REGION,0,0,0,0,8.6,25.3,0
15/03/2018,EASTERN REGION,0,0,0,2,10.1,23.6,0
16/03/2018,EASTERN REGION,0,1,0,1,11.9,26.4,0
17/03/2018,EASTERN REGION,0,2,0,1,12.5,33.8,0
18/03/2018,EASTERN REGION,0,0,0,1,18.4,22.1,0
19/03/2018,EASTERN REGION,0,0,0,1,8.9,26.4,6.2
20/03/2018,EASTERN REGION,0,0,0,1,12.9,17.6,0.4
21/03/2018,EASTERN REGION,0,1,0,0,12.3,21.1,0.4
22/03/2018,EASTERN REGION,0,1,0,1,10.6,24.2,0
23/03/2018,EASTERN REGION,0,0,0,2,9.8,29.5,0
24/03/2018,EASTERN REGION,0,2,0,4,13.3,21.8,1.6
25/03/2018,EASTERN REGION,0,2,0,2,13.6,25.7,10
26/03/2018,EASTERN REGION,0,1,0,3,9.4,16.1,5
27/03/2018,EASTERN REGION,0,1,0,2,9.7,22.1,5.6
28/03/2018,EASTERN REGION,1,2,0,3,11.8,30.5,0
29/03/2018,EASTERN REGION,0,0,0,3,14.4,25.6,0
30/03/2018,EASTERN REGION,0,2,0,1,8.6,24,0
31/03/2018,EASTERN REGION,0,1,0,4,6.5,23.4,0
1/04/2018,EASTERN REGION,0,0,0,3,10.2,27.8,0
2/04/2018,EASTERN REGION,0,0,0,0,13.1,21.3,0.6
3/04/2018,EASTERN REGION,0,0,0,1,8.4,21.3,0.2
4/04/2018,EASTERN REGION,0,0,0,0,8.2,25.2,0
5/04/2018,EASTERN REGION,0,0,0,1,7.5,21.4,0
6/04/2018,EASTERN REGION,0,1,0,0,11,22.1,0
7/04/2018,EASTERN REGION,0,1,0,1,8.8,23.3,0
8/04/2018,EASTERN REGION,0,3,0,1,4.9,31,0
9/04/2018,EASTERN REGION,0,1,0,1,11.8,25,0
10/04/2018,EASTERN REGION,0,2,0,1,12.6,27.1,0
11/04/2018,EASTERN REGION,0,1,0,1,13.9,29.6,0
12/04/2018,EASTERN REGION,0,0,0,1,16,31.2,0
13/04/2018,EASTERN REGION,0,0,0,0,6.9,28.4,0
14/04/2018,EASTERN REGION,0,1,0,0,11.1,18,0.6
15/04/2018,EASTERN REGION,0,1,0,1,8.5,18.3,14
16/04/2018,EASTERN REGION,0,1,0,2,13.2,19.8,1.2
17/04/2018,EASTERN REGION,0,0,0,1,11.3,17,2
18/04/2018,EASTERN REGION,0,1,0,1,1,19.8,0
19/04/2018,EASTERN REGION,0,1,0,0,6.3,24.8,0
20/04/2018,EASTERN REGION,0,1,0,3,8.4,21.3,0.2
21/04/2018,EASTERN REGION,0,2,0,2,12.9,23.6,0
22/04/2018,EASTERN REGION,0,3,0,1,11.4,21.9,0
23/04/2018,EASTERN REGION,0,1,0,0,12.7,23.3,0
24/04/2018,EASTERN REGION,0,1,0,1,10.8,27.3,0
25/04/2018,EASTERN REGION,0,0,0,2,12.4,21.5,0
26/04/2018,EASTERN REGION,0,0,0,2,7.5,18.6,0
27/04/2018,EASTERN REGION,0,1,0,2,6.4,17.1,0.2
28/04/2018,EASTERN REGION,1,1,0,1,2.8,20.4,0
29/04/2018,EASTERN REGION,0,0,0,2,9.3,19.2,0
30/04/2018,EASTERN REGION,0,1,0,1,5.1,20.5,0.2
1/05/2018,EASTERN REGION,0,1,0,2,1.1,23.8,0
2/05/2018,EASTERN REGION,0,0,0,1,5.6,21.4,0
3/05/2018,EASTERN REGION,0,1,0,3,3.4,26.7,0
4/05/2018,EASTERN REGION,0,2,0,1,10.2,16.1,6
5/05/2018,EASTERN REGION,0,2,0,1,10.6,18.7,2.6
6/05/2018,EASTERN REGION,0,2,0,0,10.3,20,0
7/05/2018,EASTERN REGION,0,0,0,1,2.3,22.3,0
8/05/2018,EASTERN REGION,0,2,0,0,7.3,18.1,0.4
9/05/2018,EASTERN REGION,1,0,0,4,1.9,19.3,0.2
10/05/2018,EASTERN REGION,1,0,0,0,8.1,13.1,6.2
11/05/2018,EASTERN REGION,0,2,0,1,5.1,15,0
12/05/2018,EASTERN REGION,0,0,0,1,7.4,17,11.6
13/05/2018,EASTERN REGION,0,3,0,0,6.7,16.4,0
14/05/2018,EASTERN REGION,0,0,0,3,3.4,17.6,0
15/05/2018,EASTERN REGION,0,1,0,0,6.8,14.2,0.2
16/05/2018,EASTERN REGION,0,1,0,1,2.8,14.6,0.2
17/05/2018,EASTERN REGION,0,0,0,0,8.9,15,0
18/05/2018,EASTERN REGION,0,1,0,4,11.5,14.9,0
19/05/2018,EASTERN REGION,0,2,0,1,9.1,14.4,2.4
20/05/2018,EASTERN REGION,0,2,0,1,10.7,15,0
21/05/2018,EASTERN REGION,1,1,0,0,11.7,14.1,10.4
22/05/2018,EASTERN REGION,0,0,0,2,11.2,14.5,1.4
23/05/2018,EASTERN REGION,0,2,0,2,11.8,14.6,6.2
24/05/2018,EASTERN REGION,0,1,0,0,11.7,16,0
25/05/2018,EASTERN REGION,0,0,0,0,5.6,15.5,0
26/05/2018,EASTERN REGION,1,2,0,0,0.3,17,0
27/05/2018,EASTERN REGION,0,1,0,1,2.6,19,0.4
28/05/2018,EASTERN REGION,0,0,0,0,6.3,18.4,0
29/05/2018,EASTERN REGION,0,0,0,0,7.2,18.3,0
30/05/2018,EASTERN REGION,0,1,0,1,2.7,14.4,0.2
31/05/2018,EASTERN REGION,0,0,0,0,7.8,14.2,4.4
1/06/2018,EASTERN REGION,0,1,0,0,-1,15.3,0.2
2/06/2018,EASTERN REGION,0,1,0,2,0.2,15.9,0
3/06/2018,EASTERN REGION,0,1,0,1,2.3,14.8,0.2
4/06/2018,EASTERN REGION,0,0,0,1,2.5,15.9,0
5/06/2018,EASTERN REGION,0,3,0,1,3,16.2,0
6/06/2018,EASTERN REGION,0,1,0,0,5.6,15.6,0.2
7/06/2018,EASTERN REGION,0,0,0,1,3,18.3,0.2
8/06/2018,EASTERN REGION,0,2,0,1,5.3,14.8,0
9/06/2018,EASTERN REGION,0,3,0,2,5.2,16.4,2.2
10/06/2018,EASTERN REGION,0,1,0,0,2.8,15.2,0.2
11/06/2018,EASTERN REGION,0,3,0,4,2.7,13.7,0.4
12/06/2018,EASTERN REGION,0,1,0,1,3.5,17,3.2
13/06/2018,EASTERN REGION,0,1,0,0,6.8,15,0
14/06/2018,EASTERN REGION,0,0,0,0,2,15.5,1.8
15/06/2018,EASTERN REGION,0,0,0,0,6.4,13.8,3
16/06/2018,EASTERN REGION,0,0,0,1,6,11.4,11.2
17/06/2018,EASTERN REGION,0,1,0,2,6.5,13.1,5.4
18/06/2018,EASTERN REGION,0,1,0,0,5,14,3.8
19/06/2018,EASTERN REGION,0,0,0,1,0,13.4,0
20/06/2018,EASTERN REGION,0,1,0,0,0.7,12.5,0.4
21/06/2018,EASTERN REGION,0,0,0,2,-0.4,14.4,0
22/06/2018,EASTERN REGION,0,0,0,0,0.8,13.9,0
23/06/2018,EASTERN REGION,0,1,0,1,1.1,11.8,0.2
24/06/2018,EASTERN REGION,0,0,0,3,6.8,13.2,0
25/06/2018,EASTERN REGION,0,0,0,2,6.3,13,0.2
26/06/2018,EASTERN REGION,0,0,0,2,2.8,13.7,0.2
27/06/2018,EASTERN REGION,0,0,0,1,-0.7,12.9,0
28/06/2018,EASTERN REGION,0,1,0,0,0.6,12.1,0.2
29/06/2018,EASTERN REGION,0,0,0,1,-0.9,11.5,0
30/06/2018,EASTERN REGION,0,3,0,0,2,10.9,0.6
1/07/2018,EASTERN REGION,0,1,0,2,4,13.4,4.8
2/07/2018,EASTERN REGION,0,0,0,1,-1.8,14.1,0.2
3/07/2018,EASTERN REGION,0,1,0,0,-2,14.3,0
4/07/2018,EASTERN REGION,0,1,0,3,0.5,17.7,0
5/07/2018,EASTERN REGION,0,1,0,1,2.7,19.8,0.4
6/07/2018,EASTERN REGION,0,1,0,1,10.6,13.1,1.4
7/07/2018,EASTERN REGION,0,2,0,3,8.3,10,2.2
8/07/2018,EASTERN REGION,0,1,0,2,7.4,12.8,20.2
9/07/2018,EASTERN REGION,0,1,0,2,8.8,14.1,4.4
10/07/2018,EASTERN REGION,0,2,0,1,8.6,11.2,0.2
11/07/2018,EASTERN REGION,0,0,0,1,-1.8,11.2,0
12/07/2018,EASTERN REGION,0,2,0,1,1.3,12.1,0
13/07/2018,EASTERN REGION,0,2,0,3,4.6,12.5,0.2
14/07/2018,EASTERN REGION,0,1,0,1,3,13.5,0
15/07/2018,EASTERN REGION,0,1,0,2,-1.2,14.7,0
16/07/2018,EASTERN REGION,0,1,0,2,-0.1,15.2,0
17/07/2018,EASTERN REGION,0,1,0,3,-0.3,19.5,0.2
18/07/2018,EASTERN REGION,0,1,0,0,4.6,14.5,3
19/07/2018,EASTERN REGION,0,2,0,2,4.3,18.1,0
20/07/2018,EASTERN REGION,0,0,0,1,6,11.1,8
21/07/2018,EASTERN REGION,0,1,0,3,6.4,12.9,9.8
22/07/2018,EASTERN REGION,0,0,0,1,1.2,13.8,0.2
23/07/2018,EASTERN REGION,0,0,0,1,-3.2,13.1,0
24/07/2018,EASTERN REGION,0,3,0,1,1.9,17.6,0.8
25/07/2018,EASTERN REGION,0,1,0,2,9.1,14.2,5.8
26/07/2018,EASTERN REGION,0,0,0,1,6.3,14.7,0.4
27/07/2018,EASTERN REGION,0,3,0,1,0.8,17.6,0
28/07/2018,EASTERN REGION,0,0,0,4,2.5,19.4,0
29/07/2018,EASTERN REGION,0,2,0,1,6.7,14,6.4
30/07/2018,EASTERN REGION,0,0,0,1,7,12.7,5.4
31/07/2018,EASTERN REGION,0,0,0,0,1.2,15.4,0
1/08/2018,EASTERN REGION,0,0,0,2,8,14.4,0.2
2/08/2018,EASTERN REGION,0,0,0,0,-1.3,14.9,0.2
3/08/2018,EASTERN REGION,0,0,0,1,1.3,19.7,0
4/08/2018,EASTERN REGION,0,1,0,0,7.4,17,0.4
5/08/2018,EASTERN REGION,0,1,0,1,2.9,17.9,0
6/08/2018,EASTERN REGION,0,1,0,1,5.6,14.7,0.8
7/08/2018,EASTERN REGION,0,0,0,1,5.6,13,2.6
8/08/2018,EASTERN REGION,0,1,0,1,7.2,15.6,1.6
9/08/2018,EASTERN REGION,0,0,0,1,4.8,15,2
10/08/2018,EASTERN REGION,0,0,0,2,0.2,20.1,0
11/08/2018,EASTERN REGION,0,0,0,1,7.4,11.8,2.2
12/08/2018,EASTERN REGION,0,1,0,2,4.5,12.4,10.4
13/08/2018,EASTERN REGION,0,2,0,1,7.1,13.6,0.6
14/08/2018,EASTERN REGION,0,2,0,1,10.7,18.2,0
15/08/2018,EASTERN REGION,0,0,0,2,9.4,16.9,0
16/08/2018,EASTERN REGION,0,0,0,1,7.7,13.1,0
17/08/2018,EASTERN REGION,0,0,0,1,0.6,16.4,0.2
18/08/2018,EASTERN REGION,0,1,0,2,3.6,13.2,0.8
19/08/2018,EASTERN REGION,0,2,0,0,5.2,12.3,15.4
20/08/2018,EASTERN REGION,0,2,0,1,3.8,11.7,2.6
21/08/2018,EASTERN REGION,1,1,0,1,7.2,12.2,0.8
22/08/2018,EASTERN REGION,0,1,0,0,7.7,14.1,0.8
23/08/2018,EASTERN REGION,0,0,0,0,1.3,15.5,0
24/08/2018,EASTERN REGION,0,2,0,2,0.1,16.9,0.2
25/08/2018,EASTERN REGION,0,1,0,1,2.4,16.7,0.2
26/08/2018,EASTERN REGION,0,1,0,3,1.6,14.9,0
27/08/2018,EASTERN REGION,0,0,0,1,2.6,12.8,0.4
28/08/2018,EASTERN REGION,0,0,0,0,-2.8,12.3,0.2
29/08/2018,EASTERN REGION,0,0,0,0,-3.2,12.8,0.2
30/08/2018,EASTERN REGION,0,0,0,1,-1.8,11.6,0
31/08/2018,EASTERN REGION,0,0,0,1,4.5,11.6,1.4
1/09/2018,EASTERN REGION,0,1,0,1,8.8,12.9,10
2/09/2018,EASTERN REGION,1,0,0,2,1.7,12.8,2.8
3/09/2018,EASTERN REGION,1,0,0,1,-2.6,14.4,0.2
4/09/2018,EASTERN REGION,1,0,0,1,0.2,17,0.2
5/09/2018,EASTERN REGION,0,0,0,0,2,20.5,0.2
6/09/2018,EASTERN REGION,0,0,0,0,6,18.6,1
7/09/2018,EASTERN REGION,0,2,0,1,7.9,15.1,13.6
8/09/2018,EASTERN REGION,0,1,0,1,0.2,16.2,0
9/09/2018,EASTERN REGION,0,1,0,0,3.8,17,0
10/09/2018,EASTERN REGION,0,2,0,1,8.4,16.2,1.4
11/09/2018,EASTERN REGION,0,1,0,0,3.3,22.9,0.2
12/09/2018,EASTERN REGION,0,1,0,0,8,16.7,0.4
13/09/2018,EASTERN REGION,1,2,0,1,2.8,18.8,0
14/09/2018,EASTERN REGION,2,1,0,2,1.3,22.2,0
15/09/2018,EASTERN REGION,0,1,0,3,8.9,18.6,0
16/09/2018,EASTERN REGION,0,3,0,1,3.8,13.3,10.4
17/09/2018,EASTERN REGION,0,0,0,0,1.8,17.6,0.2
18/09/2018,EASTERN REGION,0,0,0,0,2.7,22.2,0
19/09/2018,EASTERN REGION,0,0,0,1,7,13.6,2.6
20/09/2018,EASTERN REGION,0,1,0,2,1.3,15.7,4
21/09/2018,EASTERN REGION,0,1,0,2,5.5,17.6,0
22/09/2018,EASTERN REGION,0,1,0,1,2.1,18.7,0
23/09/2018,EASTERN REGION,0,3,0,0,9.2,13.9,0.8
24/09/2018,EASTERN REGION,0,0,0,0,2.2,15,0
25/09/2018,EASTERN REGION,0,0,0,1,8,13.3,0
26/09/2018,EASTERN REGION,0,0,0,0,0.5,16.1,0
27/09/2018,EASTERN REGION,0,1,0,3,2.5,24.4,0
28/09/2018,EASTERN REGION,1,0,0,0,10.1,15.6,0
29/09/2018,EASTERN REGION,0,1,0,1,4.3,14.2,6.4
30/09/2018,EASTERN REGION,0,2,0,1,7.2,16.2,0.4
1/10/2018,EASTERN REGION,0,1,0,1,3.6,21.7,0
2/10/2018,EASTERN REGION,1,1,0,2,8,19.5,0
3/10/2018,EASTERN REGION,0,0,0,0,9.9,19.1,0
4/10/2018,EASTERN REGION,0,2,0,0,3.8,16,0
5/10/2018,EASTERN REGION,0,2,0,2,6.3,18.6,0
6/10/2018,EASTERN REGION,0,1,0,0,3.1,22.5,0.2
7/10/2018,EASTERN REGION,0,0,0,0,2.4,23.6,0
8/10/2018,EASTERN REGION,0,1,0,2,11.2,25.6,0
9/10/2018,EASTERN REGION,0,1,0,1,11.8,17.4,0
10/10/2018,EASTERN REGION,0,0,0,0,9.1,13.9,9.8
11/10/2018,EASTERN REGION,0,0,0,1,9.1,17.3,0
12/10/2018,EASTERN REGION,0,1,0,0,8.8,18.9,0
13/10/2018,EASTERN REGION,0,2,0,1,5.4,23.1,0
14/10/2018,EASTERN REGION,0,2,0,3,6.4,25.4,0
15/10/2018,EASTERN REGION,1,1,0,1,7.7,28.3,0.4
16/10/2018,EASTERN REGION,0,2,0,2,14.1,25.5,0.8
17/10/2018,EASTERN REGION,0,2,0,0,14.6,21.7,3
18/10/2018,EASTERN REGION,0,0,0,2,12.6,20.5,9.6
19/10/2018,EASTERN REGION,0,2,0,3,8.7,26.3,0.2
20/10/2018,EASTERN REGION,0,3,0,0,12.2,15.9,0.4
21/10/2018,EASTERN REGION,1,1,0,2,7.4,18.8,5.6
22/10/2018,EASTERN REGION,0,2,0,1,4,26.5,0
23/10/2018,EASTERN REGION,0,2,0,0,8.6,19.7,0
24/10/2018,EASTERN REGION,0,0,0,0,2.6,17.8,0
25/10/2018,EASTERN REGION,0,1,0,2,3,22.5,0
26/10/2018,EASTERN REGION,0,0,0,2,5.9,18.9,0
27/10/2018,EASTERN REGION,0,2,0,1,8,18.7,0
28/10/2018,EASTERN REGION,0,0,0,0,0.7,18.9,0
29/10/2018,EASTERN REGION,0,1,0,0,7.5,20.5,0
30/10/2018,EASTERN REGION,0,2,0,1,3.2,26.5,0
31/10/2018,EASTERN REGION,0,1,0,2,9.9,21.7,0
1/11/2018,EASTERN REGION,0,0,0,3,12.1,27.5,0
2/11/2018,EASTERN REGION,0,1,0,1,14.1,30.7,0
3/11/2018,EASTERN REGION,0,3,0,0,11.4,19.9,10
4/11/2018,EASTERN REGION,0,2,0,1,6.7,23,0
5/11/2018,EASTERN REGION,0,3,0,1,11.7,27.1,0.4
6/11/2018,EASTERN REGION,1,0,0,1,13.2,18.7,0
7/11/2018,EASTERN REGION,0,1,0,1,10.2,17,9.2
8/11/2018,EASTERN REGION,0,1,0,0,6,17.4,2.6
9/11/2018,EASTERN REGION,0,1,0,2,4.1,19.1,0.6
10/11/2018,EASTERN REGION,0,0,0,2,4.3,21.6,0
11/11/2018,EASTERN REGION,0,0,0,1,7.5,23.6,0
12/11/2018,EASTERN REGION,0,1,0,2,9.5,30.4,0
13/11/2018,EASTERN REGION,0,2,0,1,12.3,30.6,0
14/11/2018,EASTERN REGION,0,1,0,0,15.2,18.5,0.6
15/11/2018,EASTERN REGION,0,0,0,0,11.4,20,0.2
16/11/2018,EASTERN REGION,1,1,0,2,4.8,24,0.2
17/11/2018,EASTERN REGION,1,1,0,0,5.7,23.7,0
18/11/2018,EASTERN REGION,1,4,0,1,7.4,25.7,0
19/11/2018,EASTERN REGION,0,1,0,1,10.5,30.5,0
20/11/2018,EASTERN REGION,0,1,0,0,11.4,30.7,0
21/11/2018,EASTERN REGION,1,1,0,0,12.6,21.7,21.2
22/11/2018,EASTERN REGION,1,0,0,0,8.2,18.5,6
23/11/2018,EASTERN REGION,0,0,0,0,10,17.1,10.8
24/11/2018,EASTERN REGION,0,2,0,1,11.3,17.3,4.4
25/11/2018,EASTERN REGION,0,0,0,2,10.6,18.4,1.6
26/11/2018,EASTERN REGION,0,3,0,3,7,21.8,2.2
27/11/2018,EASTERN REGION,0,0,0,0,10.9,23,0
28/11/2018,EASTERN REGION,1,0,0,0,11.5,22.2,0
29/11/2018,EASTERN REGION,0,0,0,1,10.6,22.7,0
30/11/2018,EASTERN REGION,0,1,0,1,7,24.1,0
1/12/2018,EASTERN REGION,0,0,0,1,4.9,29.6,0
2/12/2018,EASTERN REGION,0,1,0,1,11.3,18.5,21.2
3/12/2018,EASTERN REGION,0,0,0,1,9.8,22.7,0.2
4/12/2018,EASTERN REGION,1,1,0,0,12,18.9,0.8
5/12/2018,EASTERN REGION,0,0,0,0,5.6,24.9,0
6/12/2018,EASTERN REGION,0,1,0,0,9.4,34.2,0
7/12/2018,EASTERN REGION,0,3,0,1,15.4,37.4,0
8/12/2018,EASTERN REGION,0,0,0,2,21.6,28.9,0
9/12/2018,EASTERN REGION,0,3,0,0,14.8,21.4,2.8
10/12/2018,EASTERN REGION,0,1,0,1,15.7,24.3,0
11/12/2018,EASTERN REGION,0,2,0,1,6.4,25.8,0.2
12/12/2018,EASTERN REGION,1,0,0,1,17.1,33.5,0
13/12/2018,EASTERN REGION,0,0,0,3,17.5,22.8,0.8
14/12/2018,EASTERN REGION,0,2,0,4,15.4,25.7,8
15/12/2018,EASTERN REGION,0,0,0,1,18.2,28.7,0.2
16/12/2018,EASTERN REGION,0,1,0,0,17.4,25.3,0.2
17/12/2018,EASTERN REGION,0,1,0,0,12,30,3.8
18/12/2018,EASTERN REGION,0,2,0,1,14.9,25.9,0
19/12/2018,EASTERN REGION,0,0,0,0,16.5,24.3,0
20/12/2018,EASTERN REGION,0,2,0,0,15.4,26.1,0
21/12/2018,EASTERN REGION,0,3,0,0,14.4,22.3,3.2
22/12/2018,EASTERN REGION,0,1,0,1,10.5,22,1.6
23/12/2018,EASTERN REGION,0,1,0,3,5.8,27.2,0
24/12/2018,EASTERN REGION,0,1,0,0,7.9,33.6,0
25/12/2018,EASTERN REGION,0,1,0,1,12.9,31.8,0
26/12/2018,EASTERN REGION,0,0,0,0,12.2,31.5,0
27/12/2018,EASTERN REGION,0,2,0,0,12.3,40.6,0
28/12/2018,EASTERN REGION,0,1,0,0,20.5,39.8,0
29/12/2018,EASTERN REGION,0,1,0,0,21.6,27.2,0
30/12/2018,EASTERN REGION,0,2,0,2,17.2,25.9,1.8
31/12/2018,EASTERN REGION,0,1,0,2,17.1,31.4,1.6
1/01/2019,EASTERN REGION,0,0,0,2,12.5,31.1,0
2/01/2019,EASTERN REGION,0,0,0,2,13.3,27.7,0
3/01/2019,EASTERN REGION,0,0,0,3,17.4,30.2,0
4/01/2019,EASTERN REGION,0,0,0,1,18.5,43.8,0
5/01/2019,EASTERN REGION,0,3,0,0,15.7,21.3,0
6/01/2019,EASTERN REGION,0,0,0,0,9.1,23,1.2
7/01/2019,EASTERN REGION,0,0,0,1,14.4,28.2,0
8/01/2019,EASTERN REGION,0,1,0,2,15.7,27.8,0
9/01/2019,EASTERN REGION,0,0,0,1,13.5,22.5,1.6
10/01/2019,EASTERN REGION,0,1,0,0,6,25.8,0
11/01/2019,EASTERN REGION,0,1,0,0,14.3,34.3,0
12/01/2019,EASTERN REGION,0,2,0,0,14.6,31.7,0
13/01/2019,EASTERN REGION,0,3,0,1,8.5,27.2,0
14/01/2019,EASTERN REGION,0,1,0,0,17,39.7,0
15/01/2019,EASTERN REGION,0,0,0,1,16.3,41.9,0
16/01/2019,EASTERN REGION,0,0,0,1,17.7,35.1,0
17/01/2019,EASTERN REGION,0,1,0,0,18.6,33.4,0
18/01/2019,EASTERN REGION,0,0,0,1,20.2,33.5,0.4
19/01/2019,EASTERN REGION,0,1,0,0,15.6,26.7,0.4
20/01/2019,EASTERN REGION,0,2,0,0,11.4,29.1,0
21/01/2019,EASTERN REGION,0,0,0,0,14.2,35.6,0
22/01/2019,EASTERN REGION,0,0,0,0,16.1,37.1,0
23/01/2019,EASTERN REGION,0,0,0,2,16,31.1,0
24/01/2019,EASTERN REGION,0,0,0,1,19.2,31,0
25/01/2019,EASTERN REGION,0,1,0,3,18.2,45.4,0
26/01/2019,EASTERN REGION,1,3,0,1,18.3,32,0.2
27/01/2019,EASTERN REGION,0,0,0,1,16.2,25.9,0.8
28/01/2019,EASTERN REGION,0,3,0,1,12.8,32.5,0
29/01/2019,EASTERN REGION,0,1,0,1,15.4,36.7,0
30/01/2019,EASTERN REGION,0,2,0,0,15.7,35.9,0
31/01/2019,EASTERN REGION,0,1,0,3,16.4,24,13.2
1/02/2019,EASTERN REGION,0,0,0,3,6,25.3,0
2/02/2019,EASTERN REGION,0,1,0,1,13.7,35,0
3/02/2019,EASTERN REGION,0,2,0,0,18.9,39.6,0
4/02/2019,EASTERN REGION,0,1,0,0,17.5,28,1
5/02/2019,EASTERN REGION,0,0,0,0,16.7,21.5,0
6/02/2019,EASTERN REGION,0,1,0,2,17.9,28,4.2
7/02/2019,EASTERN REGION,0,2,0,1,19.4,32.4,3.4
8/02/2019,EASTERN REGION,0,0,0,2,18.7,24.4,0
9/02/2019,EASTERN REGION,0,1,0,1,14.2,20.6,0
10/02/2019,EASTERN REGION,1,2,0,0,11.8,24,4.8
11/02/2019,EASTERN REGION,0,0,0,0,9.3,30.7,0
12/02/2019,EASTERN REGION,0,1,0,4,12.1,25.4,0
13/02/2019,EASTERN REGION,1,1,0,1,7.9,19.5,6
14/02/2019,EASTERN REGION,0,1,0,3,9.7,23.9,2
15/02/2019,EASTERN REGION,0,3,0,0,11.2,28.5,0
16/02/2019,EASTERN REGION,1,2,0,0,15.7,32.4,0
17/02/2019,EASTERN REGION,0,0,0,0,11,32,0
18/02/2019,EASTERN REGION,0,1,0,1,16.2,28.7,0
19/02/2019,EASTERN REGION,0,1,0,1,11,21.7,0
20/02/2019,EASTERN REGION,0,0,0,2,7.1,23.4,0
21/02/2019,EASTERN REGION,0,0,0,2,12.4,23,0
22/02/2019,EASTERN REGION,0,1,0,3,6.5,26.5,0
23/02/2019,EASTERN REGION,0,1,0,2,10.7,27.1,0
24/02/2019,EASTERN REGION,0,2,0,2,13.4,28.3,0
25/02/2019,EASTERN REGION,0,1,0,1,10.1,35.1,0
26/02/2019,EASTERN REGION,0,0,0,0,11.8,30.5,0
27/02/2019,EASTERN REGION,0,3,0,0,7.1,28.2,0
28/02/2019,EASTERN REGION,0,0,0,1,14,37.2,0
1/03/2019,EASTERN REGION,0,2,0,3,15.5,38.2,0
2/03/2019,EASTERN REGION,0,1,0,1,13.6,37.1,0
3/03/2019,EASTERN REGION,0,0,0,1,15,36.3,0
4/03/2019,EASTERN REGION,0,0,0,0,17.2,33,0
5/03/2019,EASTERN REGION,0,0,0,0,15.5,30.9,0
6/03/2019,EASTERN REGION,0,0,0,1,12.5,17.8,4.4
7/03/2019,EASTERN REGION,0,1,0,1,8.5,22.4,4.4
8/03/2019,EASTERN REGION,0,0,0,4,7,23.3,0
9/03/2019,EASTERN REGION,0,2,0,1,10.4,28.4,0
10/03/2019,EASTERN REGION,0,0,0,1,9.4,27.8,0
11/03/2019,EASTERN REGION,0,0,0,1,13.4,27,0
12/03/2019,EASTERN REGION,0,0,0,0,15.8,18.7,0
13/03/2019,EASTERN REGION,0,0,0,3,5.6,19.6,0.8
14/03/2019,EASTERN REGION,0,0,0,0,10.6,24.2,0
15/03/2019,EASTERN REGION,0,1,0,0,10.9,25.7,0
16/03/2019,EASTERN REGION,0,1,0,0,12.3,26.8,0
17/03/2019,EASTERN REGION,0,0,0,3,15.4,28.5,0
18/03/2019,EASTERN REGION,0,2,0,0,15.1,24.2,0
19/03/2019,EASTERN REGION,0,3,0,3,17.3,27.4,0
20/03/2019,EASTERN REGION,0,0,0,0,18.6,27.9,0.6
21/03/2019,EASTERN REGION,0,0,0,0,18.1,25.5,0
22/03/2019,EASTERN REGION,0,1,0,1,18.3,26.3,0
23/03/2019,EASTERN REGION,0,2,0,1,17.7,26.8,0
24/03/2019,EASTERN REGION,0,1,0,1,14.9,28.4,0.4
25/03/2019,EASTERN REGION,1,0,0,2,13.5,19.4,0
26/03/2019,EASTERN REGION,0,0,0,1,11.5,19.3,1.2
27/03/2019,EASTERN REGION,0,0,0,0,5.8,24,0
28/03/2019,EASTERN REGION,0,0,0,1,6.3,28.3,0
29/03/2019,EASTERN REGION,0,1,0,0,9.7,31.5,0.2
30/03/2019,EASTERN REGION,0,0,0,2,10,14.1,1.8
31/03/2019,EASTERN REGION,0,0,0,2,8.6,17.4,8.2
1/04/2019,EASTERN REGION,0,2,0,1,12,19,1.2
2/04/2019,EASTERN REGION,0,0,0,1,5.1,25,0
3/04/2019,EASTERN REGION,0,1,0,1,7.5,25.8,0
4/04/2019,EASTERN REGION,0,0,0,0,11.4,20.2,0
5/04/2019,EASTERN REGION,0,0,0,2,11.9,27.1,0
6/04/2019,EASTERN REGION,0,1,0,3,15.1,21.9,0
7/04/2019,EASTERN REGION,0,1,0,1,6.1,26.6,0.4
8/04/2019,EASTERN REGION,1,2,0,0,10.1,24.2,0
9/04/2019,EASTERN REGION,0,0,0,0,10.7,16.1,4.8
10/04/2019,EASTERN REGION,1,0,0,0,8.1,16.4,0
11/04/2019,EASTERN REGION,0,1,0,2,9.8,19.2,0.2
12/04/2019,EASTERN REGION,0,2,0,2,3.8,24.1,0
13/04/2019,EASTERN REGION,0,0,0,2,5.6,20.4,0
14/04/2019,EASTERN REGION,0,2,0,1,9.9,23.1,0
15/04/2019,EASTERN REGION,0,4,0,2,12.6,23.7,0
16/04/2019,EASTERN REGION,0,1,0,1,12.8,29.7,0
17/04/2019,EASTERN REGION,0,0,0,0,12.2,31.1,0
18/04/2019,EASTERN REGION,0,0,0,1,13.1,20.5,0.4
19/04/2019,EASTERN REGION,0,2,0,3,9.4,22.6,0.2
20/04/2019,EASTERN REGION,0,2,0,2,8.6,27.5,0
21/04/2019,EASTERN REGION,0,2,0,2,7.7,30.8,0
22/04/2019,EASTERN REGION,0,1,0,2,13.3,16.3,1.4
23/04/2019,EASTERN REGION,0,1,0,2,14.1,18.2,0
24/04/2019,EASTERN REGION,0,4,0,3,14.9,20.6,1
25/04/2019,EASTERN REGION,0,0,0,2,10.9,20.8,0
26/04/2019,EASTERN REGION,0,1,0,2,9.1,15,0.8
27/04/2019,EASTERN REGION,0,2,0,1,7.3,15.8,2
28/04/2019,EASTERN REGION,0,3,0,3,10.9,15.6,0
29/04/2019,EASTERN REGION,0,1,0,3,10,18.7,0.4
30/04/2019,EASTERN REGION,0,0,0,2,8,21.7,0
1/05/2019,EASTERN REGION,0,0,0,1,10.9,23.1,0
2/05/2019,EASTERN REGION,1,0,0,4,13.3,21.7,1.6
3/05/2019,EASTERN REGION,0,1,0,0,11.2,20.9,14.4
4/05/2019,EASTERN REGION,1,0,0,2,11,16.2,2.8
5/05/2019,EASTERN REGION,0,2,0,0,10.1,18.1,3
6/05/2019,EASTERN REGION,0,0,0,0,7.4,16.8,0.2
7/05/2019,EASTERN REGION,0,0,0,1,3.9,18.7,0
8/05/2019,EASTERN REGION,0,0,0,2,7.3,14.6,6.4
9/05/2019,EASTERN REGION,0,0,0,1,4,17,1.8
10/05/2019,EASTERN REGION,0,1,0,2,6.9,15.2,0
11/05/2019,EASTERN REGION,0,2,0,2,8.9,13.5,2
12/05/2019,EASTERN REGION,1,0,0,0,10.1,16.6,0.6
13/05/2019,EASTERN REGION,0,1,0,1,5.2,18.6,0
14/05/2019,EASTERN REGION,0,0,0,2,8,18.8,0
15/05/2019,EASTERN REGION,1,2,0,1,10.2,16.6,0
16/05/2019,EASTERN REGION,0,0,0,0,8.2,17,0
17/05/2019,EASTERN REGION,0,1,0,0,1.4,18.5,0
18/05/2019,EASTERN REGION,0,0,0,2,1.9,20.2,0
19/05/2019,EASTERN REGION,0,1,0,1,2.5,18.2,0
20/05/2019,EASTERN REGION,1,1,0,1,2.4,17.8,0.2
21/05/2019,EASTERN REGION,0,1,0,1,4.9,19.4,2.2
22/05/2019,EASTERN REGION,0,1,0,1,3,20.2,0
23/05/2019,EASTERN REGION,0,0,0,2,2.6,22.5,0
24/05/2019,EASTERN REGION,0,1,0,2,4.9,21.1,0.2
25/05/2019,EASTERN REGION,1,0,0,0,10.9,20.6,0
26/05/2019,EASTERN REGION,0,1,0,1,9.3,15.4,11.6
27/05/2019,EASTERN REGION,0,2,0,3,7.6,11.9,9.6
28/05/2019,EASTERN REGION,0,0,0,1,6.7,14.7,7.8
29/05/2019,EASTERN REGION,0,0,0,2,6.8,10.6,2.8
30/05/2019,EASTERN REGION,0,0,0,0,5.3,13,14.2
31/05/2019,EASTERN REGION,0,1,0,2,7,14.2,2.4
1/06/2019,EASTERN REGION,0,1,0,0,9.9,14.8,3.2
2/06/2019,EASTERN REGION,0,0,0,1,8.6,14.2,0
3/06/2019,EASTERN REGION,0,1,0,1,6.9,10.1,2.8
4/06/2019,EASTERN REGION,0,1,0,1,3.1,12.4,17.2
5/06/2019,EASTERN REGION,0,0,0,0,4.9,11.9,0.6
6/06/2019,EASTERN REGION,0,0,0,0,9,14.4,1.6
7/06/2019,EASTERN REGION,0,1,0,1,9.4,14.5,0.4
8/06/2019,EASTERN REGION,1,1,0,2,2.8,14.9,0.2
9/06/2019,EASTERN REGION,0,1,0,3,1.2,18,0.2
10/06/2019,EASTERN REGION,0,0,0,2,5.4,18.1,3
11/06/2019,EASTERN REGION,0,0,0,2,6.5,18.6,0.8
12/06/2019,EASTERN REGION,0,2,0,1,4.5,16.7,0
13/06/2019,EASTERN REGION,0,0,0,0,5.1,16.4,4.2
14/06/2019,EASTERN REGION,0,1,0,0,7.5,16.6,0.6
15/06/2019,EASTERN REGION,0,0,0,2,5.9,15.1,3.2
16/06/2019,EASTERN REGION,0,0,0,1,2.9,15.8,0.2
17/06/2019,EASTERN REGION,0,1,0,1,1.1,15.9,0
18/06/2019,EASTERN REGION,0,2,0,0,2,12.3,0
19/06/2019,EASTERN REGION,0,2,0,1,4.8,11.2,5.4
20/06/2019,EASTERN REGION,0,0,0,0,3.7,11.2,1
21/06/2019,EASTERN REGION,0,0,0,0,5.3,13.1,0.4
22/06/2019,EASTERN REGION,0,0,0,0,-0.4,12.9,0.2
23/06/2019,EASTERN REGION,0,0,0,2,-1.4,13,0.2
24/06/2019,EASTERN REGION,0,0,0,1,-2.5,13.1,0
25/06/2019,EASTERN REGION,0,0,0,0,-1,15.8,0.4
26/06/2019,EASTERN REGION,0,0,0,1,-2.3,17.3,0
27/06/2019,EASTERN REGION,0,2,0,4,-2.4,15.5,0.2
28/06/2019,EASTERN REGION,0,1,0,0,-1.9,19.2,0.2
29/06/2019,EASTERN REGION,0,0,0,2,2.9,20.5,0
30/06/2019,EASTERN REGION,0,0,0,4,6.6,13.6,5.6
1/07/2019,EASTERN REGION,0,0,0,1,2.5,15.6,0
2/07/2019,EASTERN REGION,0,0,0,3,0.8,14.8,0
3/07/2019,EASTERN REGION,0,0,0,3,8.8,14.6,0
4/07/2019,EASTERN REGION,0,1,0,1,1,14.1,0
5/07/2019,EASTERN REGION,0,0,0,2,4.6,14.2,0
6/07/2019,EASTERN REGION,0,0,0,2,3.4,17.8,0.4
7/07/2019,EASTERN REGION,0,0,0,2,1.1,14.3,0
8/07/2019,EASTERN REGION,0,0,0,2,6.5,13.8,2.4
9/07/2019,EASTERN REGION,0,0,0,2,6,13.9,0
10/07/2019,EASTERN REGION,0,0,0,4,0.7,16.1,0
11/07/2019,EASTERN REGION,0,1,0,1,4.6,14.2,4
12/07/2019,EASTERN REGION,0,0,0,2,9.4,13.5,3
13/07/2019,EASTERN REGION,0,0,0,4,5.7,9.1,11.2
14/07/2019,EASTERN REGION,0,0,0,1,5.2,11.7,11.6
15/07/2019,EASTERN REGION,0,0,0,2,7.5,12.7,17.4
16/07/2019,EASTERN REGION,1,0,0,1,9.3,11.2,2.4
17/07/2019,EASTERN REGION,0,0,0,4,8.7,13,1
18/07/2019,EASTERN REGION,0,0,0,0,8,12.2,2.4
19/07/2019,EASTERN REGION,0,0,0,1,6.8,13.7,1.2
20/07/2019,EASTERN REGION,0,1,0,2,-0.6,15.9,0.2
21/07/2019,EASTERN REGION,0,0,0,3,2,15.3,0
22/07/2019,EASTERN REGION,0,0,0,0,-1.8,17,0
23/07/2019,EASTERN REGION,0,0,0,1,2.7,15,0.6
24/07/2019,EASTERN REGION,0,0,0,4,4.3,13.2,6.4
25/07/2019,EASTERN REGION,0,0,0,1,5.7,15.2,0
26/07/2019,EASTERN REGION,0,0,0,3,6,16,0
27/07/2019,EASTERN REGION,0,1,0,1,8,14.1,0.8
28/07/2019,EASTERN REGION,0,0,0,2,1.7,14.4,0
29/07/2019,EASTERN REGION,0,0,0,0,3.9,14.7,0.2
30/07/2019,EASTERN REGION,0,0,0,0,4.6,11.1,1
31/07/2019,EASTERN REGION,0,1,0,1,-0.9,13.5,0
1/08/2019,EASTERN REGION,0,0,0,0,3.5,12.2,0.2
2/08/2019,EASTERN REGION,0,2,0,1,8.5,11.9,0.4
3/08/2019,EASTERN REGION,0,0,0,1,8.8,12.9,0
4/08/2019,EASTERN REGION,0,0,0,2,4.7,11.7,0.8
5/08/2019,EASTERN REGION,0,0,0,1,5.3,14.2,0
6/08/2019,EASTERN REGION,0,0,0,0,0.6,13.6,0.2
7/08/2019,EASTERN REGION,0,0,0,0,3.3,13.9,0
8/08/2019,EASTERN REGION,0,0,0,3,6.2,12.3,13.4
9/08/2019,EASTERN REGION,0,0,0,3,6.8,8.2,3.8
10/08/2019,EASTERN REGION,0,0,0,1,4.4,10.9,26.2
11/08/2019,EASTERN REGION,0,0,0,4,4,12.5,31
12/08/2019,EASTERN REGION,0,0,0,1,5.3,12.9,1
13/08/2019,EASTERN REGION,0,0,0,0,7.5,12.6,0
14/08/2019,EASTERN REGION,0,0,0,4,7.7,14.2,3
15/08/2019,EASTERN REGION,0,1,0,2,-0.6,17.1,0.2
16/08/2019,EASTERN REGION,0,0,0,0,5.3,17.2,0
17/08/2019,EASTERN REGION,0,0,0,1,7.6,14.9,1.8
18/08/2019,EASTERN REGION,0,0,0,2,4.2,22.4,0
19/08/2019,EASTERN REGION,0,0,0,1,4.3,10.8,24.6
20/08/2019,EASTERN REGION,0,0,0,1,4.5,12.9,3.8
21/08/2019,EASTERN REGION,0,0,0,3,10.7,14.7,7.8
22/08/2019,EASTERN REGION,0,0,0,3,7.2,12.2,8.2
23/08/2019,EASTERN REGION,0,0,0,2,0.6,14.6,0.2
24/08/2019,EASTERN REGION,0,0,0,2,-1,19.1,0.2
25/08/2019,EASTERN REGION,0,1,0,3,6.4,12.2,5.8
26/08/2019,EASTERN REGION,0,1,0,0,4.9,13.6,0.6
27/08/2019,EASTERN REGION,0,0,0,2,2.1,14.4,0.4
28/08/2019,EASTERN REGION,0,0,0,2,0.8,13.9,0
29/08/2019,EASTERN REGION,0,0,0,2,-0.2,12.3,3.4
30/08/2019,EASTERN REGION,0,0,0,3,-1,14.7,0.2
31/08/2019,EASTERN REGION,0,2,0,9,-0.1,18.8,0
1/09/2019,EASTERN REGION,0,0,0,3,2.4,17.2,0
2/09/2019,EASTERN REGION,0,0,0,1,7.8,17.2,9.4
3/09/2019,EASTERN REGION,0,0,0,2,5.8,20.6,0
4/09/2019,EASTERN REGION,0,1,0,3,4.4,18.3,0
5/09/2019,EASTERN REGION,0,0,0,4,8.4,17.7,1.4
6/09/2019,EASTERN REGION,0,0,0,2,9.6,15.6,13
7/09/2019,EASTERN REGION,0,0,0,2,7.8,11.8,16.2
8/09/2019,EASTERN REGION,0,0,0,1,7,14.2,2.6
9/09/2019,EASTERN REGION,0,0,0,1,5.6,12.7,22.6
10/09/2019,EASTERN REGION,0,0,0,4,6.8,15.2,1
11/09/2019,EASTERN REGION,0,0,0,3,3.3,20.4,0
12/09/2019,EASTERN REGION,0,1,0,2,5.2,21.3,0
13/09/2019,EASTERN REGION,1,0,0,2,7.5,15.3,0
14/09/2019,EASTERN REGION,0,0,0,2,8.9,17.4,0
15/09/2019,EASTERN REGION,0,1,0,0,7,22.9,0.2
16/09/2019,EASTERN REGION,0,0,0,0,8.8,12.7,23.4
17/09/2019,EASTERN REGION,0,1,0,3,-0.8,14.8,0
18/09/2019,EASTERN REGION,0,0,0,3,0.7,18.3,0
19/09/2019,EASTERN REGION,0,0,0,2,1.1,21.7,0
20/09/2019,EASTERN REGION,0,0,0,1,6.4,26.6,0
21/09/2019,EASTERN REGION,1,0,0,1,12.8,24.1,0
22/09/2019,EASTERN REGION,0,1,0,3,7.4,15.4,3.2
23/09/2019,EASTERN REGION,0,0,0,0,3,14.4,0.2
24/09/2019,EASTERN REGION,0,0,0,2,6.6,14,1.6
25/09/2019,EASTERN REGION,0,0,0,1,6.6,14.9,0.2
26/09/2019,EASTERN REGION,0,0,0,3,2.5,18.5,0
27/09/2019,EASTERN REGION,0,0,0,5,3.3,23.3,0
28/09/2019,EASTERN REGION,0,0,0,4,6.4,14,3.2
29/09/2019,EASTERN REGION,0,0,0,0,6.5,15.4,0.2
30/09/2019,EASTERN REGION,0,0,0,1,6.2,14.7,0.8
1/10/2019,EASTERN REGION,0,0,0,4,1.3,19.9,0
2/10/2019,EASTERN REGION,0,0,0,2,2.8,25,0
3/10/2019,EASTERN REGION,0,0,0,0,6.1,30.2,0
4/10/2019,EASTERN REGION,0,1,0,2,11.2,14.3,0.4
5/10/2019,EASTERN REGION,0,1,0,0,2.7,19.3,0.4
6/10/2019,EASTERN REGION,1,0,0,3,10.8,24.1,0
7/10/2019,EASTERN REGION,1,1,0,2,10.5,16.7,0
8/10/2019,EASTERN REGION,0,1,0,2,6.7,15.1,0
9/10/2019,EASTERN REGION,0,0,0,0,5.9,15.6,0.4
10/10/2019,EASTERN REGION,0,0,0,0,4.7,14.6,0
11/10/2019,EASTERN REGION,0,0,0,1,8.6,14.7,0
12/10/2019,EASTERN REGION,0,2,0,4,9.3,16.8,0.4
13/10/2019,EASTERN REGION,0,0,0,5,3.1,19.6,0
14/10/2019,EASTERN REGION,0,0,0,2,6.1,24.1,0
15/10/2019,EASTERN REGION,1,0,0,0,9.2,19.1,0.2
16/10/2019,EASTERN REGION,0,0,0,0,9.2,19.4,0
17/10/2019,EASTERN REGION,0,0,0,2,7.4,13.7,8.4
18/10/2019,EASTERN REGION,0,0,0,2,6,19.7,5
19/10/2019,EASTERN REGION,0,0,0,2,8.6,15.4,0.4
20/10/2019,EASTERN REGION,0,1,0,1,7.7,15.1,0.4
21/10/2019,EASTERN REGION,0,0,0,1,10.7,18,0.2
22/10/2019,EASTERN REGION,0,0,0,1,8.6,23.3,0
23/10/2019,EASTERN REGION,1,0,0,5,3.8,27.3,0
24/10/2019,EASTERN REGION,0,0,0,4,4.4,32.1,0
25/10/2019,EASTERN REGION,0,0,0,4,13.5,25,0
26/10/2019,EASTERN REGION,0,0,0,4,7.5,14.6,0.8
27/10/2019,EASTERN REGION,0,0,0,1,6.7,16.1,10.6
28/10/2019,EASTERN REGION,1,0,0,2,7.4,21.5,0.8
29/10/2019,EASTERN REGION,0,0,0,2,3.9,27.3,0.2
30/10/2019,EASTERN REGION,0,1,0,2,6.8,29,0
31/10/2019,EASTERN REGION,0,0,0,0,7,33.2,0
1/11/2019,EASTERN REGION,0,0,0,1,8.6,33,0
2/11/2019,EASTERN REGION,0,1,0,2,15.1,19.1,0
3/11/2019,EASTERN REGION,0,1,0,6,12.8,21,12.2
4/11/2019,EASTERN REGION,0,0,0,8,6.9,18,0.4
5/11/2019,EASTERN REGION,0,0,0,3,5.9,17,7.2
6/11/2019,EASTERN REGION,0,0,0,3,5.4,22.4,0.2
7/11/2019,EASTERN REGION,1,0,0,1,8.6,16.6,2
8/11/2019,EASTERN REGION,0,0,0,2,9.4,14.2,28.2
9/11/2019,EASTERN REGION,1,1,0,4,5,12.2,8.8
10/11/2019,EASTERN REGION,0,0,0,2,8.8,16.4,16.6
11/11/2019,EASTERN REGION,0,0,0,0,9,26.1,0
12/11/2019,EASTERN REGION,0,0,0,2,11.9,16.8,0
13/11/2019,EASTERN REGION,0,0,0,2,6.8,16.2,4.2
14/11/2019,EASTERN REGION,0,0,0,1,9.8,20.8,1.2
15/11/2019,EASTERN REGION,0,0,0,1,11.3,18.7,0
16/11/2019,EASTERN REGION,0,0,0,3,7.8,17.7,0.2
17/11/2019,EASTERN REGION,0,0,0,2,9.3,17.6,0
18/11/2019,EASTERN REGION,1,0,0,3,4.7,24.9,0
19/11/2019,EASTERN REGION,0,0,0,1,7.7,20.5,0
20/11/2019,EASTERN REGION,0,0,0,5,8.1,31.3,0
21/11/2019,EASTERN REGION,0,0,0,1,10.3,38.2,0
22/11/2019,EASTERN REGION,0,0,0,4,11.5,21.9,0
23/11/2019,EASTERN REGION,0,2,0,7,4.8,23.3,0.2
24/11/2019,EASTERN REGION,0,0,0,2,5.2,25,0
25/11/2019,EASTERN REGION,0,0,0,4,4.9,30,0
26/11/2019,EASTERN REGION,0,1,0,2,11.1,17.3,4.4
27/11/2019,EASTERN REGION,0,0,0,3,7.2,23.7,0.4
28/11/2019,EASTERN REGION,0,0,0,2,5.5,24.2,0
29/11/2019,EASTERN REGION,0,2,0,3,9.4,24.2,0
30/11/2019,EASTERN REGION,1,0,0,2,7.7,18.9,15.2
1/12/2019,EASTERN REGION,1,1,0,1,8.3,17.8,1
2/12/2019,EASTERN REGION,0,0,0,3,8.1,14.1,8.2
3/12/2019,EASTERN REGION,0,0,0,1,8.2,19,6.2
4/12/2019,EASTERN REGION,0,0,0,2,10.4,19.9,6.2
5/12/2019,EASTERN REGION,0,0,0,3,11.2,21.7,0.4
6/12/2019,EASTERN REGION,0,0,0,0,12,20,0
7/12/2019,EASTERN REGION,0,2,0,1,11.2,20.5,0
8/12/2019,EASTERN REGION,0,1,0,2,11.3,25.5,0
9/12/2019,EASTERN REGION,0,0,0,2,9,35.7,0
10/12/2019,EASTERN REGION,0,0,0,3,14.3,19.5,0
11/12/2019,EASTERN REGION,0,0,0,1,8,22,0
12/12/2019,EASTERN REGION,0,1,0,5,12.3,20,0
13/12/2019,EASTERN REGION,0,0,0,3,9.2,20.4,0
14/12/2019,EASTERN REGION,0,0,0,0,12.7,17.3,3.8
15/12/2019,EASTERN REGION,0,0,0,2,12.5,22.1,0.2
16/12/2019,EASTERN REGION,0,1,0,4,12.1,24.6,0.4
17/12/2019,EASTERN REGION,0,0,0,2,8,31.1,0.2
18/12/2019,EASTERN REGION,0,0,0,1,11.3,38.6,0
19/12/2019,EASTERN REGION,0,0,0,3,16.3,27.6,0
20/12/2019,EASTERN REGION,0,0,0,0,9.9,37.5,0
21/12/2019,EASTERN REGION,0,0,0,1,16.7,23.2,0
22/12/2019,EASTERN REGION,1,0,0,2,10.3,25.8,0
23/12/2019,EASTERN REGION,0,0,0,3,7.8,27.3,0
24/12/2019,EASTERN REGION,0,0,0,3,13.7,21.3,0
25/12/2019,EASTERN REGION,0,0,0,0,15.1,31.3,0
26/12/2019,EASTERN REGION,0,1,0,2,13.6,25.5,0
27/12/2019,EASTERN REGION,0,0,0,2,8.1,29.2,0
28/12/2019,EASTERN REGION,0,0,0,0,14.7,37.9,0
29/12/2019,EASTERN REGION,0,1,0,1,13.8,37.2,0
30/12/2019,EASTERN REGION,0,0,0,1,15.2,41.9,0
31/12/2019,EASTERN REGION,0,0,0,3,14.7,23.7,0
1/01/2020,EASTERN REGION,0,0,0,3,5.4,26.6,0
2/01/2020,EASTERN REGION,0,0,0,2,7,28.5,0
3/01/2020,EASTERN REGION,0,0,0,1,9.5,28.4,0
4/01/2020,EASTERN REGION,1,0,0,0,12.5,30.8,0
5/01/2020,EASTERN REGION,0,1,0,4,11.1,15.3,0
6/01/2020,EASTERN REGION,0,0,0,4,11.2,16.9,17.8
7/01/2020,EASTERN REGION,1,0,0,3,12,23.2,2.8
8/01/2020,EASTERN REGION,0,0,0,2,16,25.3,0
9/01/2020,EASTERN REGION,0,1,0,1,17.4,27.7,1
10/01/2020,EASTERN REGION,0,0,0,2,14.3,36.9,0.2
11/01/2020,EASTERN REGION,0,1,0,1,12.3,20.2,9.8
12/01/2020,EASTERN REGION,0,2,0,3,10.7,24,0
13/01/2020,EASTERN REGION,0,1,0,1,10.8,28.9,0
14/01/2020,EASTERN REGION,0,1,0,3,12.8,33.5,0
15/01/2020,EASTERN REGION,0,1,0,3,16.2,32.8,0
16/01/2020,EASTERN REGION,0,0,0,0,16.3,20.7,7.8
17/01/2020,EASTERN REGION,0,0,0,0,11.8,17.5,0.6
18/01/2020,EASTERN REGION,0,1,0,1,13.1,20.6,0.6
19/01/2020,EASTERN REGION,0,2,0,1,17,24.9,1.2
20/01/2020,EASTERN REGION,0,1,0,0,18,20.6,6.8
21/01/2020,EASTERN REGION,0,0,0,2,14.5,23.8,3.8
22/01/2020,EASTERN REGION,0,0,0,3,13.4,31,0.2
23/01/2020,EASTERN REGION,0,0,0,1,12.8,23.9,25.4
24/01/2020,EASTERN REGION,0,0,0,3,9.1,23.1,1.6
25/01/2020,EASTERN REGION,0,1,0,0,9.3,27,0
26/01/2020,EASTERN REGION,2,2,0,1,11.7,27,0
27/01/2020,EASTERN REGION,1,0,0,2,14.1,24.1,0
28/01/2020,EASTERN REGION,0,0,0,0,10.2,26.3,0
29/01/2020,EASTERN REGION,0,1,0,1,11.9,30.3,0
30/01/2020,EASTERN REGION,0,0,0,0,9.8,37.5,0
31/01/2020,EASTERN REGION,0,0,0,0,14.8,42.7,0
1/02/2020,EASTERN REGION,0,0,0,3,23.2,34.1,0
2/02/2020,EASTERN REGION,0,1,0,4,12.7,23.3,20.2
3/02/2020,EASTERN REGION,0,0,0,3,12.1,18.3,3.2
4/02/2020,EASTERN REGION,0,1,0,1,5.1,22.1,0.4
5/02/2020,EASTERN REGION,1,0,0,0,8,23.8,0
6/02/2020,EASTERN REGION,0,1,0,2,12.6,27.3,0
7/02/2020,EASTERN REGION,0,1,0,1,14,29.8,0
8/02/2020,EASTERN REGION,0,4,0,1,18.4,26,0
9/02/2020,EASTERN REGION,0,1,0,1,17.9,22.9,0.2
10/02/2020,EASTERN REGION,0,0,0,3,17.7,21.9,1
11/02/2020,EASTERN REGION,0,0,0,3,18.7,25.8,8
12/02/2020,EASTERN REGION,1,1,0,1,17.6,23.6,0.2
13/02/2020,EASTERN REGION,0,2,0,0,18.3,23.9,2.2
14/02/2020,EASTERN REGION,0,0,0,2,18.6,30.8,0.8
15/02/2020,EASTERN REGION,0,3,0,1,18.9,20.8,26.8
16/02/2020,EASTERN REGION,0,2,0,0,15.3,18.7,5.4
17/02/2020,EASTERN REGION,0,2,0,2,16.2,21.6,0
18/02/2020,EASTERN REGION,0,0,0,1,17.2,24.2,0
19/02/2020,EASTERN REGION,0,1,0,1,14.3,18.1,26
20/02/2020,EASTERN REGION,0,1,0,3,12.3,19,0.2
21/02/2020,EASTERN REGION,0,1,0,2,11.2,20.8,0
22/02/2020,EASTERN REGION,0,1,0,4,9.6,23.4,2.2
23/02/2020,EASTERN REGION,0,1,0,2,10.5,31,0
24/02/2020,EASTERN REGION,0,0,0,0,14.9,28.6,1
25/02/2020,EASTERN REGION,0,1,0,1,17.9,31,0
26/02/2020,EASTERN REGION,0,1,0,0,16,18.7,1.2
27/02/2020,EASTERN REGION,0,1,0,1,7.1,19.9,1
28/02/2020,EASTERN REGION,0,1,0,1,12.4,20,1.8
29/02/2020,EASTERN REGION,0,0,0,1,7.2,23.5,1
1/03/2020,EASTERN REGION,0,2,0,3,11.6,30.6,0
2/03/2020,EASTERN REGION,2,0,0,3,12.8,19.3,1.2
3/03/2020,EASTERN REGION,0,0,0,1,9.4,20.6,0
4/03/2020,EASTERN REGION,0,1,0,2,11.6,21.4,0
5/03/2020,EASTERN REGION,1,0,0,4,15.4,19.9,14
6/03/2020,EASTERN REGION,0,1,0,4,14.7,20.5,5
7/03/2020,EASTERN REGION,1,1,0,2,12,20.2,0.6
8/03/2020,EASTERN REGION,0,2,0,4,13.5,17.7,1.4
9/03/2020,EASTERN REGION,0,2,0,1,11.2,19.9,0
10/03/2020,EASTERN REGION,0,0,0,1,12.2,22,0
11/03/2020,EASTERN REGION,0,1,0,1,10.1,26.6,0
12/03/2020,EASTERN REGION,0,0,0,2,10.1,29.8,0
13/03/2020,EASTERN REGION,0,0,0,1,8.6,27.7,0
14/03/2020,EASTERN REGION,1,1,0,0,7.1,18.2,0.4
15/03/2020,EASTERN REGION,0,1,0,4,2.8,19.3,0
16/03/2020,EASTERN REGION,0,0,0,2,6.5,22.5,0
17/03/2020,EASTERN REGION,1,1,0,2,7.2,27.9,0
18/03/2020,EASTERN REGION,0,0,0,0,9.4,27.5,0
19/03/2020,EASTERN REGION,0,2,0,3,14.4,30,0
20/03/2020,EASTERN REGION,0,0,0,1,13.9,22.7,1.4
21/03/2020,EASTERN REGION,0,1,0,1,12.9,17.3,0
22/03/2020,EASTERN REGION,0,1,0,1,8.4,20.1,0
23/03/2020,EASTERN REGION,0,1,0,1,6,18.2,0
24/03/2020,EASTERN REGION,0,0,0,2,5.6,20.2,0
25/03/2020,EASTERN REGION,0,2,0,1,9.5,18,0
26/03/2020,EASTERN REGION,0,0,0,1,7,22.4,0
27/03/2020,EASTERN REGION,0,0,0,0,9.9,27.3,0
28/03/2020,EASTERN REGION,0,2,0,1,8,29.1,0
29/03/2020,EASTERN REGION,0,3,0,1,7.4,28.5,0
30/03/2020,EASTERN REGION,0,0,0,1,11.9,21.3,3.4
31/03/2020,EASTERN REGION,0,0,0,0,9.1,22.7,0
1/04/2020,EASTERN REGION,0,0,0,1,5.8,24.8,0
2/04/2020,EASTERN REGION,0,0,0,2,10.9,22.2,9.6
3/04/2020,EASTERN REGION,0,0,0,1,12.1,24,4.4
4/04/2020,EASTERN REGION,0,0,0,2,12.1,15.7,10
5/04/2020,EASTERN REGION,0,1,0,2,7.6,18.5,9.4
6/04/2020,EASTERN REGION,0,0,0,0,9.2,16.4,6.8
7/04/2020,EASTERN REGION,1,2,0,1,10.5,16.1,0
8/04/2020,EASTERN REGION,0,1,0,0,9.1,19.1,0
9/04/2020,EASTERN REGION,0,1,0,2,11.6,21.1,1.4
10/04/2020,EASTERN REGION,0,0,0,1,9.2,22.3,0
11/04/2020,EASTERN REGION,0,0,0,0,10.3,14,6.4
12/04/2020,EASTERN REGION,0,0,0,0,8.4,15.8,5.6
13/04/2020,EASTERN REGION,0,0,0,1,9.7,16.8,0.2
14/04/2020,EASTERN REGION,0,0,0,0,8.2,21.7,1.6
15/04/2020,EASTERN REGION,0,0,0,1,9.2,25.7,0.2
16/04/2020,EASTERN REGION,0,0,0,0,13,21.9,0
17/04/2020,EASTERN REGION,0,0,0,0,10.3,17.4,0
18/04/2020,EASTERN REGION,0,1,0,0,10.8,16,0.2
19/04/2020,EASTERN REGION,0,1,0,4,7.8,17.7,0.2
20/04/2020,EASTERN REGION,0,0,0,0,10.7,20.9,1.6
21/04/2020,EASTERN REGION,0,0,0,0,5.7,19.4,0.2
22/04/2020,EASTERN REGION,0,2,0,0,6.9,18.7,0
23/04/2020,EASTERN REGION,0,1,0,0,4.4,20.9,0
24/04/2020,EASTERN REGION,0,1,0,0,9.7,20.3,0
25/04/2020,EASTERN REGION,0,1,0,0,5.8,21,0
26/04/2020,EASTERN REGION,0,0,0,1,9.8,16.8,15.8
27/04/2020,EASTERN REGION,0,1,0,0,7.1,16.5,2.8
28/04/2020,EASTERN REGION,0,1,0,1,1.2,16.8,0
29/04/2020,EASTERN REGION,0,0,0,0,5.4,18.5,13.2
30/04/2020,EASTERN REGION,0,1,0,1,9.3,12.8,33.8
1/05/2020,EASTERN REGION,0,1,0,0,7.2,11.1,2.8
2/05/2020,EASTERN REGION,0,0,0,1,7.5,11.8,40.4
3/05/2020,EASTERN REGION,0,2,0,0,8.8,14.9,5.6
4/05/2020,EASTERN REGION,0,0,0,0,9.3,14.3,0
5/05/2020,EASTERN REGION,0,0,0,2,6.5,18.6,0
6/05/2020,EASTERN REGION,0,0,0,0,5.4,19.4,0
7/05/2020,EASTERN REGION,0,2,0,0,5.4,21.8,0.2
8/05/2020,EASTERN REGION,0,0,0,0,7.4,20.8,0
9/05/2020,EASTERN REGION,0,0,0,0,7,16.8,0
10/05/2020,EASTERN REGION,0,0,0,1,5.2,13.3,13.6
11/05/2020,EASTERN REGION,0,0,0,0,7.6,16.1,0.6
12/05/2020,EASTERN REGION,0,0,0,0,3.4,16.6,0
13/05/2020,EASTERN REGION,0,1,0,2,2.9,13.5,0
14/05/2020,EASTERN REGION,1,1,0,1,0.3,14.8,0.8
15/05/2020,EASTERN REGION,0,0,0,1,0.4,15.5,0.2
16/05/2020,EASTERN REGION,0,3,0,4,0.2,17.9,0
17/05/2020,EASTERN REGION,0,0,0,0,0.8,17.9,0
18/05/2020,EASTERN REGION,0,0,0,1,1,17.5,0.2
19/05/2020,EASTERN REGION,0,1,0,1,1.6,17.1,0.2
20/05/2020,EASTERN REGION,0,1,0,1,7.3,15.6,12
21/05/2020,EASTERN REGION,0,1,0,0,7.6,12.9,0.6
22/05/2020,EASTERN REGION,0,1,0,0,7,13,1.8
23/05/2020,EASTERN REGION,0,3,0,2,1.9,13.2,0
24/05/2020,EASTERN REGION,0,3,0,1,5.9,16.2,0.4
25/05/2020,EASTERN REGION,0,0,0,0,4.9,15.2,0
26/05/2020,EASTERN REGION,0,0,0,0,7.5,14.9,0.2
27/05/2020,EASTERN REGION,0,1,0,0,4.8,18.9,0.2
28/05/2020,EASTERN REGION,0,0,0,2,4,16.9,0
29/05/2020,EASTERN REGION,0,3,0,3,1.8,17.5,0.2
30/05/2020,EASTERN REGION,0,1,0,1,-0.8,17,0
31/05/2020,EASTERN REGION,0,3,0,1,4,17.1,0.2
1/06/2020,EASTERN REGION,0,1,0,0,5,12.3,0.2
2/06/2020,EASTERN REGION,0,0,0,0,7.6,13,0.8
3/06/2020,EASTERN REGION,0,1,0,1,8.7,13.4,4.4
4/06/2020,EASTERN REGION,0,1,0,1,6.8,14.1,0
5/06/2020,EASTERN REGION,0,2,0,1,-0.3,12.9,0
6/06/2020,EASTERN REGION,0,2,0,3,4.3,11.4,0
7/06/2020,EASTERN REGION,0,0,0,3,3.5,12.3,0.2
8/06/2020,EASTERN REGION,0,1,0,2,-2.1,13.6,0.2
9/06/2020,EASTERN REGION,0,0,0,3,-2.5,13.6,0
10/06/2020,EASTERN REGION,0,0,0,1,-0.8,15.4,0
11/06/2020,EASTERN REGION,0,0,0,1,1.1,14.4,0.2
12/06/2020,EASTERN REGION,0,1,0,0,-0.4,15.5,0.2
13/06/2020,EASTERN REGION,0,1,0,4,0.1,13.8,0.2
14/06/2020,EASTERN REGION,0,0,0,0,2,14.7,7
15/06/2020,EASTERN REGION,0,0,0,3,10.5,18.4,0
16/06/2020,EASTERN REGION,0,0,0,0,11.8,17.1,0
17/06/2020,EASTERN REGION,0,0,0,0,3.3,14.6,1.6
18/06/2020,EASTERN REGION,1,0,0,0,-0.4,14.6,0
19/06/2020,EASTERN REGION,0,1,0,0,0.7,15.6,0.2
20/06/2020,EASTERN REGION,0,1,0,0,4,15.4,2.6
21/06/2020,EASTERN REGION,0,1,0,1,4.3,12.8,0.2
22/06/2020,EASTERN REGION,0,0,0,1,5.1,11.5,3.4
23/06/2020,EASTERN REGION,0,1,0,0,8.4,13.9,9
24/06/2020,EASTERN REGION,0,0,0,0,8,15.5,0.8
25/06/2020,EASTERN REGION,0,0,0,0,7.6,15.7,0.2
26/06/2020,EASTERN REGION,1,1,0,2,7.2,12.8,1
27/06/2020,EASTERN REGION,0,0,0,0,0,13.5,0.2
28/06/2020,EASTERN REGION,0,1,0,1,-1.1,12.9,0.2
29/06/2020,EASTERN REGION,1,0,0,0,-0.8,12.3,0.2
30/06/2020,EASTERN REGION,0,0,0,1,-0.3,12.8,0.2
